quantity,estimate_or_result
Launches,64
Successes,60
Failures,4
Observed success rate,0.9375
Wilson 95% interval,"[0.8500, 0.9754]"
M0 posterior mean,0.9242
M0 95% credible interval,"[0.8499, 0.9746]"
P(final two failures | M0),0.0068
P(final two failures | M1),0.0312
M1 posterior mode k,54
M1 posterior mean k,37.42
M1 95% interval for k,"[11, 54]"
P(Delta > 0),0.7824
P(Delta > 0.05),0.5795
P(Delta > 0.10),0.3746
"P(old > recent), last 2",0.9998
"P(old > recent), last 6",0.9931
BF(M1/M0),0.300
BF(M2/M0),115.56
BF(M3/M0),1.320
Mean log score M0,-0.1503
Mean log score M1,-0.1577
Mean log score M3,-0.1507
M1-M0 bootstrap log-score 95% interval,"[-0.0195, 0.0035]"
