launch_index,mission,calendar_date,success,posterior_alpha,posterior_beta,posterior_mean,lower_95,upper_95
1,PSLV-D1,1993-09-20,0,1,2,0.3333333333333333,0.01257911709342505,0.841886116991581
2,PSLV-D2,1994-10-15,1,2,2,0.5,0.09429932405024609,0.9057006759497539
3,PSLV-D3,1996-03-21,1,3,2,0.6,0.19412044968324338,0.932414013511457
4,PSLV-C1,1997-09-29,1,4,2,0.6666666666666666,0.2835820638819105,0.9472550494736831
5,PSLV-C2,1999-05-26,1,5,2,0.7142857142857143,0.35876542100232517,0.9567281317072583
6,PSLV-C3,2001-10-22,1,6,2,0.75,0.4212768029568048,0.9633074338239145
7,PSLV-C4,2002-09-12,1,7,2,0.7777777777777778,0.4734903291247935,0.9681459737500557
8,PSLV-C5,2003-10-17,1,8,2,0.8,0.517503485082663,0.9718550265221018
9,PSLV-C6,2005-05-05,1,9,2,0.8181818181818182,0.5549838829718047,0.9747892736731666
10,PSLV-C7,2007-01-10,1,10,2,0.8333333333333334,0.5872200830116173,0.9771688017000404
11,PSLV-C8,2007-04-23,1,11,2,0.8461538461538461,0.6152038348490559,0.9791374745399076
12,PSLV-C10,2008-01-21,1,12,2,0.8571428571428571,0.6397025647321224,0.9807933280174715
13,PSLV-C9,2008-04-28,1,13,2,0.8666666666666667,0.6613155100681788,0.9822054845168084
14,PSLV-C11,2008-10-22,1,14,2,0.875,0.6805154334216966,0.9834240865599164
15,PSLV-C12,2009-04-20,1,15,2,0.8823529411764706,0.697679261565468,0.9844863961845861
16,PSLV-C14,2009-09-23,1,16,2,0.8888888888888888,0.7131106033327793,0.9854206831596976
17,PSLV-C15,2010-07-12,1,17,2,0.8947368421052632,0.7270564003266314,0.9862487843356355
18,PSLV-C16,2011-04-20,1,18,2,0.9,0.7397193458047859,0.9869878356282226
19,PSLV-C17,2011-07-15,1,19,2,0.9047619047619048,0.7512672372279723,0.9876514728297052
20,PSLV-C18,2011-10-12,1,20,2,0.9090909090909091,0.7618400900631789,0.9882506821155542
21,PSLV-C19,2012-04-26,1,21,2,0.9130434782608695,0.7715556023323665,0.988794413975849
22,PSLV-C21,2012-09-09,1,22,2,0.9166666666666666,0.7805133925465195,0.9892900339621241
23,PSLV-C20,2013-02-25,1,23,2,0.92,0.7887983165430269,0.9897436587187498
24,PSLV-C22,2013-07-01,1,24,2,0.9230769230769231,0.796483086077586,0.9901604099812025
25,PSLV-C25,2013-11-05,1,25,2,0.9259259259259259,0.803630353237461,0.9905446089962873
26,PSLV-C24,2014-04-04,1,26,2,0.9285714285714286,0.8102943825869554,0.9908999270576937
27,PSLV-C23,2014-06-30,1,27,2,0.9310344827586207,0.8165224024553763,0.9912295032964729
28,PSLV-C26,2014-10-16,1,28,2,0.9333333333333333,0.822355704511277,0.9915360377469982
29,PSLV-C27,2015-03-28,1,29,2,0.9354838709677419,0.8278305443665873,0.9918218655393437
30,PSLV-C28,2015-07-10,1,30,2,0.9375,0.8329788837697722,0.9920890165381453
31,PSLV-C30,2015-09-28,1,31,2,0.9393939393939394,0.8378290058184885,0.9923392636535436
32,PSLV-C29,2015-12-16,1,32,2,0.9411764705882353,0.8424060277275032,0.9925741622577402
33,PSLV-C31,2016-01-20,1,33,2,0.9428571428571428,0.8467323304396823,0.9927950825609503
34,PSLV-C32,2016-03-10,1,34,2,0.9444444444444444,0.8508279203435684,0.9930032363716905
35,PSLV-C33,2016-04-28,1,35,2,0.9459459459459459,0.8547107352531467,0.9931996993459772
36,PSLV-C34,2016-06-22,1,36,2,0.9473684210526315,0.858396904388842,0.9933854295884712
37,PSLV-C35,2016-09-26,1,37,2,0.9487179487179487,0.8619009702075799,0.9935612832849081
38,PSLV-C36,2016-12-07,1,38,2,0.95,0.8652360784405021,0.9937280279043096
39,PSLV-C37,2017-02-15,1,39,2,0.9512195121951219,0.8684141415172343,0.9938863534006491
40,PSLV-C38,2017-06-23,1,40,2,0.9523809523809523,0.8714459796158538,0.9940368817589572
41,PSLV-C39,2017-08-31,0,40,3,0.9302325581395349,0.838358040308346,0.98502030832929
42,PSLV-C40,2018-01-12,1,41,3,0.9318181818181818,0.8418885416913022,0.9853745030048677
43,PSLV-C41,2018-04-12,1,42,3,0.9333333333333333,0.8452684223410106,0.9857123315730246
44,PSLV-C42,2018-09-16,1,43,3,0.9347826086956522,0.8485070997566608,0.9860349029556295
45,PSLV-C43,2018-11-29,1,44,3,0.9361702127659575,0.8516132240798842,0.9863432280865544
46,PSLV-C44,2019-01-24,1,45,3,0.9375,0.854594754511786,0.986638230502745
47,PSLV-C45,2019-04-01,1,46,3,0.9387755102040817,0.8574590267986226,0.9869207555904473
48,PSLV-C46,2019-05-22,1,47,3,0.94,0.8602128129775362,0.9871915786817211
49,PSLV-C47,2019-11-27,1,48,3,0.9411764705882353,0.8628623743960325,0.9874514121646659
50,PSLV-C48,2019-12-11,1,49,3,0.9423076923076923,0.8654135088703359,0.9877009117447599
51,PSLV-C49,2020-11-07,1,50,3,0.9433962264150944,0.8678715927231975,0.9879406819732616
52,PSLV-C50,2020-12-17,1,51,3,0.9444444444444444,0.8702416183369377,0.9881712811408664
53,PSLV-C51,2021-02-28,1,52,3,0.9454545454545454,0.8725282277690526,0.9883932256200587
54,PSLV-C52,2022-02-14,1,53,3,0.9464285714285714,0.8747357429028499,0.9886069937272912
55,PSLV-C53,2022-06-30,1,54,3,0.9473684210526315,0.8768681925420042,0.9888130291658255
56,PSLV-C54,2022-11-26,1,55,3,0.9482758620689655,0.8789293368037988,0.9890117441014128
57,PSLV-C55,2023-04-22,1,56,3,0.9491525423728814,0.8809226891196078,0.9892035219157053
58,PSLV-C56,2023-07-30,1,57,3,0.95,0.8828515361116069,0.9893887196761202
59,PSLV-C57,2023-09-02,1,58,3,0.9508196721311475,0.8847189555807483,0.9895676703556517
60,PSLV-C58,2024-01-01,1,59,3,0.9516129032258065,0.8865278328118185,0.9897406848316792
61,PSLV-C59,2024-12-05,1,60,3,0.9523809523809523,0.8882808753761929,0.9899080536890242
62,PSLV-C60,2024-12-30,1,61,3,0.953125,0.8899806265911197,0.9900700488492667
63,PSLV-C61,2025-05-18,0,61,4,0.9384615384615385,0.8690642627585942,0.9827099726189448
64,PSLV-C62,2026-01-12,0,61,5,0.9242424242424242,0.849866599329491,0.974551532980957
