launch_index,mission,calendar_date,calendar_time_0_to_1,success,variant_standard
1,PSLV-D1,1993-09-20,0.0,0,PSLV-G
2,PSLV-D2,1994-10-15,0.03304524656837824,1,PSLV-G
3,PSLV-D3,1996-03-21,0.07735976953058804,1,PSLV-G
4,PSLV-C1,1997-09-29,0.12455516014234876,1,PSLV-G
5,PSLV-C2,1999-05-26,0.17573292662260634,1,PSLV-G
6,PSLV-C3,2001-10-22,0.25029655990510086,1,PSLV-G
7,PSLV-C4,2002-09-12,0.2778342653787494,1,PSLV-G
8,PSLV-C5,2003-10-17,0.3117268259617014,1,PSLV-G
9,PSLV-C6,2005-05-05,0.35968479918657853,1,PSLV-G
10,PSLV-C7,2007-01-10,0.4117946110828673,1,PSLV-G
11,PSLV-C8,2007-04-23,0.42052194543297744,1,PSLV-CA
12,PSLV-C10,2008-01-21,0.44365361803084225,1,PSLV-CA
13,PSLV-C9,2008-04-28,0.45195729537366547,1,PSLV-CA
14,PSLV-C11,2008-10-22,0.46695475343162174,1,PSLV-XL
15,PSLV-C12,2009-04-20,0.4822064056939502,1,PSLV-CA
16,PSLV-C14,2009-09-23,0.4954245043213015,1,PSLV-CA
17,PSLV-C15,2010-07-12,0.5201660735468565,1,PSLV-CA
18,PSLV-C16,2011-04-20,0.5440603287578376,1,PSLV-G
19,PSLV-C17,2011-07-15,0.5513472292831724,1,PSLV-XL
20,PSLV-C18,2011-10-12,0.5588883240128791,1,PSLV-CA
21,PSLV-C19,2012-04-26,0.5755804100999831,1,PSLV-XL
22,PSLV-C21,2012-09-09,0.5871038806981868,1,PSLV-CA
23,PSLV-C20,2013-02-25,0.6014234875444839,1,PSLV-CA
24,PSLV-C22,2013-07-01,0.6120996441281139,1,PSLV-XL
25,PSLV-C25,2013-11-05,0.6228605321132011,1,PSLV-XL
26,PSLV-C24,2014-04-04,0.6355702423318081,1,PSLV-XL
27,PSLV-C23,2014-06-30,0.6429418742586003,1,PSLV-CA
28,PSLV-C26,2014-10-16,0.6520928656159973,1,PSLV-XL
29,PSLV-C27,2015-03-28,0.6659040840535503,1,PSLV-XL
30,PSLV-C28,2015-07-10,0.6747161498051177,1,PSLV-XL
31,PSLV-C30,2015-09-28,0.6814946619217082,1,PSLV-XL
32,PSLV-C29,2015-12-16,0.6881884426368412,1,PSLV-CA
33,PSLV-C31,2016-01-20,0.6911540416878496,1,PSLV-XL
34,PSLV-C32,2016-03-10,0.6953906117607185,1,PSLV-XL
35,PSLV-C33,2016-04-28,0.6995424504321301,1,PSLV-XL
36,PSLV-C34,2016-06-22,0.704202677512286,1,PSLV-XL
37,PSLV-C35,2016-09-26,0.7123368920521945,1,PSLV
38,PSLV-C36,2016-12-07,0.7184375529571259,1,PSLV-XL
39,PSLV-C37,2017-02-15,0.7243687510591426,1,PSLV-XL
40,PSLV-C38,2017-06-23,0.7352143704456872,1,PSLV-XL
41,PSLV-C39,2017-08-31,0.7410608371462464,0,PSLV-XL
42,PSLV-C40,2018-01-12,0.7524148449415353,1,PSLV-XL
43,PSLV-C41,2018-04-12,0.7600406710726996,1,PSLV-XL
44,PSLV-C42,2018-09-16,0.7733435011015082,1,PSLV
45,PSLV-C43,2018-11-29,0.7796136248093544,1,PSLV
46,PSLV-C44,2019-01-24,0.7843585832909676,1,PSLV-DL
47,PSLV-C45,2019-04-01,0.7900355871886121,1,PSLV-QL
48,PSLV-C46,2019-05-22,0.7943568886629385,1,PSLV-CA
49,PSLV-C47,2019-11-27,0.8103711235383834,1,PSLV-XL
50,PSLV-C48,2019-12-11,0.8115573631587867,1,PSLV-QL
51,PSLV-C49,2020-11-07,0.8396881884426368,1,PSLV-DL
52,PSLV-C50,2020-12-17,0.843077444500932,1,PSLV-XL
53,PSLV-C51,2021-02-28,0.8492628368073208,1,PSLV-DL
54,PSLV-C52,2022-02-14,0.8790035587188612,1,PSLV-XL
55,PSLV-C53,2022-06-30,0.890527029317065,1,UNKNOWN
56,PSLV-C54,2022-11-26,0.9031520081342146,1,PSLV-XL
57,PSLV-C55,2023-04-22,0.9156075241484494,1,PSLV-CA
58,PSLV-C56,2023-07-30,0.9239959328927301,1,PSLV-CA
59,PSLV-C57,2023-09-02,0.9268768005422809,1,PSLV-XL
60,PSLV-C58,2024-01-01,0.9371293001186239,1,PSLV-DL
61,PSLV-C59,2024-12-05,0.9658532452126758,1,PSLV-XL
62,PSLV-C60,2024-12-30,0.9679715302491103,1,UNKNOWN
63,PSLV-C61,2025-05-18,0.9797491950516861,0,PSLV-XL
64,PSLV-C62,2026-01-12,1.0,0,PSLV-DL
