launch_index,mission,calendar_date,calendar_gap_days
1,PSLV-D1,1993-09-20,
2,PSLV-D2,1994-10-15,390.0
3,PSLV-D3,1996-03-21,523.0
4,PSLV-C1,1997-09-29,557.0
5,PSLV-C2,1999-05-26,604.0
6,PSLV-C3,2001-10-22,880.0
7,PSLV-C4,2002-09-12,325.0
8,PSLV-C5,2003-10-17,400.0
9,PSLV-C6,2005-05-05,566.0
10,PSLV-C7,2007-01-10,615.0
11,PSLV-C8,2007-04-23,103.0
12,PSLV-C10,2008-01-21,273.0
13,PSLV-C9,2008-04-28,98.0
14,PSLV-C11,2008-10-22,177.0
15,PSLV-C12,2009-04-20,180.0
16,PSLV-C14,2009-09-23,156.0
17,PSLV-C15,2010-07-12,292.0
18,PSLV-C16,2011-04-20,282.0
19,PSLV-C17,2011-07-15,86.0
20,PSLV-C18,2011-10-12,89.0
21,PSLV-C19,2012-04-26,197.0
22,PSLV-C21,2012-09-09,136.0
23,PSLV-C20,2013-02-25,169.0
24,PSLV-C22,2013-07-01,126.0
25,PSLV-C25,2013-11-05,127.0
26,PSLV-C24,2014-04-04,150.0
27,PSLV-C23,2014-06-30,87.0
28,PSLV-C26,2014-10-16,108.0
29,PSLV-C27,2015-03-28,163.0
30,PSLV-C28,2015-07-10,104.0
31,PSLV-C30,2015-09-28,80.0
32,PSLV-C29,2015-12-16,79.0
33,PSLV-C31,2016-01-20,35.0
34,PSLV-C32,2016-03-10,50.0
35,PSLV-C33,2016-04-28,49.0
36,PSLV-C34,2016-06-22,55.0
37,PSLV-C35,2016-09-26,96.0
38,PSLV-C36,2016-12-07,72.0
39,PSLV-C37,2017-02-15,70.0
40,PSLV-C38,2017-06-23,128.0
41,PSLV-C39,2017-08-31,69.0
42,PSLV-C40,2018-01-12,134.0
43,PSLV-C41,2018-04-12,90.0
44,PSLV-C42,2018-09-16,157.0
45,PSLV-C43,2018-11-29,74.0
46,PSLV-C44,2019-01-24,56.0
47,PSLV-C45,2019-04-01,67.0
48,PSLV-C46,2019-05-22,51.0
49,PSLV-C47,2019-11-27,189.0
50,PSLV-C48,2019-12-11,14.0
51,PSLV-C49,2020-11-07,332.0
52,PSLV-C50,2020-12-17,40.0
53,PSLV-C51,2021-02-28,73.0
54,PSLV-C52,2022-02-14,351.0
55,PSLV-C53,2022-06-30,136.0
56,PSLV-C54,2022-11-26,149.0
57,PSLV-C55,2023-04-22,147.0
58,PSLV-C56,2023-07-30,99.0
59,PSLV-C57,2023-09-02,34.0
60,PSLV-C58,2024-01-01,121.0
61,PSLV-C59,2024-12-05,339.0
62,PSLV-C60,2024-12-30,25.0
63,PSLV-C61,2025-05-18,139.0
64,PSLV-C62,2026-01-12,239.0
