launch_index,mission,calendar_date,rolling_success_10,rolling_lower_10,rolling_upper_10,rolling_success_15,rolling_lower_15,rolling_upper_15,rolling_success_20,rolling_lower_20,rolling_upper_20
1,PSLV-D1,1993-09-20,,,,,,,,,
2,PSLV-D2,1994-10-15,,,,,,,,,
3,PSLV-D3,1996-03-21,,,,,,,,,
4,PSLV-C1,1997-09-29,,,,,,,,,
5,PSLV-C2,1999-05-26,,,,,,,,,
6,PSLV-C3,2001-10-22,,,,,,,,,
7,PSLV-C4,2002-09-12,,,,,,,,,
8,PSLV-C5,2003-10-17,,,,,,,,,
9,PSLV-C6,2005-05-05,,,,,,,,,
10,PSLV-C7,2007-01-10,0.9,0.5872200830116173,0.9771688017000404,,,,,,
11,PSLV-C8,2007-04-23,1.0,0.7150858470818455,0.9977010277861857,,,,,,
12,PSLV-C10,2008-01-21,1.0,0.7150858470818455,0.9977010277861857,,,,,,
13,PSLV-C9,2008-04-28,1.0,0.7150858470818455,0.9977010277861857,,,,,,
14,PSLV-C11,2008-10-22,1.0,0.7150858470818455,0.9977010277861857,,,,,,
15,PSLV-C12,2009-04-20,1.0,0.7150858470818455,0.9977010277861857,0.9333333333333333,0.697679261565468,0.9844863961845861,,,
16,PSLV-C14,2009-09-23,1.0,0.7150858470818455,0.9977010277861857,1.0,0.7940927857921772,0.9984188882772341,,,
17,PSLV-C15,2010-07-12,1.0,0.7150858470818455,0.9977010277861857,1.0,0.7940927857921772,0.9984188882772341,,,
18,PSLV-C16,2011-04-20,1.0,0.7150858470818455,0.9977010277861857,1.0,0.7940927857921772,0.9984188882772341,,,
19,PSLV-C17,2011-07-15,1.0,0.7150858470818455,0.9977010277861857,1.0,0.7940927857921772,0.9984188882772341,,,
20,PSLV-C18,2011-10-12,1.0,0.7150858470818455,0.9977010277861857,1.0,0.7940927857921772,0.9984188882772341,0.95,0.7618400900631789,0.9882506821155542
21,PSLV-C19,2012-04-26,1.0,0.7150858470818455,0.9977010277861857,1.0,0.7940927857921772,0.9984188882772341,1.0,0.8389023847809204,0.9987951165516364
22,PSLV-C21,2012-09-09,1.0,0.7150858470818455,0.9977010277861857,1.0,0.7940927857921772,0.9984188882772341,1.0,0.8389023847809204,0.9987951165516364
23,PSLV-C20,2013-02-25,1.0,0.7150858470818455,0.9977010277861857,1.0,0.7940927857921772,0.9984188882772341,1.0,0.8389023847809204,0.9987951165516364
24,PSLV-C22,2013-07-01,1.0,0.7150858470818455,0.9977010277861857,1.0,0.7940927857921772,0.9984188882772341,1.0,0.8389023847809204,0.9987951165516364
25,PSLV-C25,2013-11-05,1.0,0.7150858470818455,0.9977010277861857,1.0,0.7940927857921772,0.9984188882772341,1.0,0.8389023847809204,0.9987951165516364
26,PSLV-C24,2014-04-04,1.0,0.7150858470818455,0.9977010277861857,1.0,0.7940927857921772,0.9984188882772341,1.0,0.8389023847809204,0.9987951165516364
27,PSLV-C23,2014-06-30,1.0,0.7150858470818455,0.9977010277861857,1.0,0.7940927857921772,0.9984188882772341,1.0,0.8389023847809204,0.9987951165516364
28,PSLV-C26,2014-10-16,1.0,0.7150858470818455,0.9977010277861857,1.0,0.7940927857921772,0.9984188882772341,1.0,0.8389023847809204,0.9987951165516364
29,PSLV-C27,2015-03-28,1.0,0.7150858470818455,0.9977010277861857,1.0,0.7940927857921772,0.9984188882772341,1.0,0.8389023847809204,0.9987951165516364
30,PSLV-C28,2015-07-10,1.0,0.7150858470818455,0.9977010277861857,1.0,0.7940927857921772,0.9984188882772341,1.0,0.8389023847809204,0.9987951165516364
31,PSLV-C30,2015-09-28,1.0,0.7150858470818455,0.9977010277861857,1.0,0.7940927857921772,0.9984188882772341,1.0,0.8389023847809204,0.9987951165516364
32,PSLV-C29,2015-12-16,1.0,0.7150858470818455,0.9977010277861857,1.0,0.7940927857921772,0.9984188882772341,1.0,0.8389023847809204,0.9987951165516364
33,PSLV-C31,2016-01-20,1.0,0.7150858470818455,0.9977010277861857,1.0,0.7940927857921772,0.9984188882772341,1.0,0.8389023847809204,0.9987951165516364
34,PSLV-C32,2016-03-10,1.0,0.7150858470818455,0.9977010277861857,1.0,0.7940927857921772,0.9984188882772341,1.0,0.8389023847809204,0.9987951165516364
35,PSLV-C33,2016-04-28,1.0,0.7150858470818455,0.9977010277861857,1.0,0.7940927857921772,0.9984188882772341,1.0,0.8389023847809204,0.9987951165516364
36,PSLV-C34,2016-06-22,1.0,0.7150858470818455,0.9977010277861857,1.0,0.7940927857921772,0.9984188882772341,1.0,0.8389023847809204,0.9987951165516364
37,PSLV-C35,2016-09-26,1.0,0.7150858470818455,0.9977010277861857,1.0,0.7940927857921772,0.9984188882772341,1.0,0.8389023847809204,0.9987951165516364
38,PSLV-C36,2016-12-07,1.0,0.7150858470818455,0.9977010277861857,1.0,0.7940927857921772,0.9984188882772341,1.0,0.8389023847809204,0.9987951165516364
39,PSLV-C37,2017-02-15,1.0,0.7150858470818455,0.9977010277861857,1.0,0.7940927857921772,0.9984188882772341,1.0,0.8389023847809204,0.9987951165516364
40,PSLV-C38,2017-06-23,1.0,0.7150858470818455,0.9977010277861857,1.0,0.7940927857921772,0.9984188882772341,1.0,0.8389023847809204,0.9987951165516364
41,PSLV-C39,2017-08-31,0.9,0.5872200830116173,0.9771688017000404,0.9333333333333333,0.697679261565468,0.9844863961845861,0.95,0.7618400900631789,0.9882506821155542
42,PSLV-C40,2018-01-12,0.9,0.5872200830116173,0.9771688017000404,0.9333333333333333,0.697679261565468,0.9844863961845861,0.95,0.7618400900631789,0.9882506821155542
43,PSLV-C41,2018-04-12,0.9,0.5872200830116173,0.9771688017000404,0.9333333333333333,0.697679261565468,0.9844863961845861,0.95,0.7618400900631789,0.9882506821155542
44,PSLV-C42,2018-09-16,0.9,0.5872200830116173,0.9771688017000404,0.9333333333333333,0.697679261565468,0.9844863961845861,0.95,0.7618400900631789,0.9882506821155542
45,PSLV-C43,2018-11-29,0.9,0.5872200830116173,0.9771688017000404,0.9333333333333333,0.697679261565468,0.9844863961845861,0.95,0.7618400900631789,0.9882506821155542
46,PSLV-C44,2019-01-24,0.9,0.5872200830116173,0.9771688017000404,0.9333333333333333,0.697679261565468,0.9844863961845861,0.95,0.7618400900631789,0.9882506821155542
47,PSLV-C45,2019-04-01,0.9,0.5872200830116173,0.9771688017000404,0.9333333333333333,0.697679261565468,0.9844863961845861,0.95,0.7618400900631789,0.9882506821155542
48,PSLV-C46,2019-05-22,0.9,0.5872200830116173,0.9771688017000404,0.9333333333333333,0.697679261565468,0.9844863961845861,0.95,0.7618400900631789,0.9882506821155542
49,PSLV-C47,2019-11-27,0.9,0.5872200830116173,0.9771688017000404,0.9333333333333333,0.697679261565468,0.9844863961845861,0.95,0.7618400900631789,0.9882506821155542
50,PSLV-C48,2019-12-11,0.9,0.5872200830116173,0.9771688017000404,0.9333333333333333,0.697679261565468,0.9844863961845861,0.95,0.7618400900631789,0.9882506821155542
51,PSLV-C49,2020-11-07,1.0,0.7150858470818455,0.9977010277861857,0.9333333333333333,0.697679261565468,0.9844863961845861,0.95,0.7618400900631789,0.9882506821155542
52,PSLV-C50,2020-12-17,1.0,0.7150858470818455,0.9977010277861857,0.9333333333333333,0.697679261565468,0.9844863961845861,0.95,0.7618400900631789,0.9882506821155542
53,PSLV-C51,2021-02-28,1.0,0.7150858470818455,0.9977010277861857,0.9333333333333333,0.697679261565468,0.9844863961845861,0.95,0.7618400900631789,0.9882506821155542
54,PSLV-C52,2022-02-14,1.0,0.7150858470818455,0.9977010277861857,0.9333333333333333,0.697679261565468,0.9844863961845861,0.95,0.7618400900631789,0.9882506821155542
55,PSLV-C53,2022-06-30,1.0,0.7150858470818455,0.9977010277861857,0.9333333333333333,0.697679261565468,0.9844863961845861,0.95,0.7618400900631789,0.9882506821155542
56,PSLV-C54,2022-11-26,1.0,0.7150858470818455,0.9977010277861857,1.0,0.7940927857921772,0.9984188882772341,0.95,0.7618400900631789,0.9882506821155542
57,PSLV-C55,2023-04-22,1.0,0.7150858470818455,0.9977010277861857,1.0,0.7940927857921772,0.9984188882772341,0.95,0.7618400900631789,0.9882506821155542
58,PSLV-C56,2023-07-30,1.0,0.7150858470818455,0.9977010277861857,1.0,0.7940927857921772,0.9984188882772341,0.95,0.7618400900631789,0.9882506821155542
59,PSLV-C57,2023-09-02,1.0,0.7150858470818455,0.9977010277861857,1.0,0.7940927857921772,0.9984188882772341,0.95,0.7618400900631789,0.9882506821155542
60,PSLV-C58,2024-01-01,1.0,0.7150858470818455,0.9977010277861857,1.0,0.7940927857921772,0.9984188882772341,0.95,0.7618400900631789,0.9882506821155542
61,PSLV-C59,2024-12-05,1.0,0.7150858470818455,0.9977010277861857,1.0,0.7940927857921772,0.9984188882772341,1.0,0.8389023847809204,0.9987951165516364
62,PSLV-C60,2024-12-30,1.0,0.7150858470818455,0.9977010277861857,1.0,0.7940927857921772,0.9984188882772341,1.0,0.8389023847809204,0.9987951165516364
63,PSLV-C61,2025-05-18,0.9,0.5872200830116173,0.9771688017000404,0.9333333333333333,0.697679261565468,0.9844863961845861,0.95,0.7618400900631789,0.9882506821155542
64,PSLV-C62,2026-01-12,0.8,0.4822441476398273,0.9397822658270933,0.8666666666666667,0.6165237631507365,0.9595262660940541,0.9,0.6962255930860758,0.9695110323784845
