launch_index,mission,calendar_date,rolling_success_10,rolling_success_15,rolling_success_20
1,PSLV-D1,1993-09-20,,,
2,PSLV-D2,1994-10-15,,,
3,PSLV-D3,1996-03-21,,,
4,PSLV-C1,1997-09-29,,,
5,PSLV-C2,1999-05-26,,,
6,PSLV-C3,2001-10-22,,,
7,PSLV-C4,2002-09-12,,,
8,PSLV-C5,2003-10-17,,,
9,PSLV-C6,2005-05-05,,,
10,PSLV-C7,2007-01-10,0.9,,
11,PSLV-C8,2007-04-23,1.0,,
12,PSLV-C10,2008-01-21,1.0,,
13,PSLV-C9,2008-04-28,1.0,,
14,PSLV-C11,2008-10-22,1.0,,
15,PSLV-C12,2009-04-20,1.0,0.9333333333333333,
16,PSLV-C14,2009-09-23,1.0,1.0,
17,PSLV-C15,2010-07-12,1.0,1.0,
18,PSLV-C16,2011-04-20,1.0,1.0,
19,PSLV-C17,2011-07-15,1.0,1.0,
20,PSLV-C18,2011-10-12,1.0,1.0,0.95
21,PSLV-C19,2012-04-26,1.0,1.0,1.0
22,PSLV-C21,2012-09-09,1.0,1.0,1.0
23,PSLV-C20,2013-02-25,1.0,1.0,1.0
24,PSLV-C22,2013-07-01,1.0,1.0,1.0
25,PSLV-C25,2013-11-05,1.0,1.0,1.0
26,PSLV-C24,2014-04-04,1.0,1.0,1.0
27,PSLV-C23,2014-06-30,1.0,1.0,1.0
28,PSLV-C26,2014-10-16,1.0,1.0,1.0
29,PSLV-C27,2015-03-28,1.0,1.0,1.0
30,PSLV-C28,2015-07-10,1.0,1.0,1.0
31,PSLV-C30,2015-09-28,1.0,1.0,1.0
32,PSLV-C29,2015-12-16,1.0,1.0,1.0
33,PSLV-C31,2016-01-20,1.0,1.0,1.0
34,PSLV-C32,2016-03-10,1.0,1.0,1.0
35,PSLV-C33,2016-04-28,1.0,1.0,1.0
36,PSLV-C34,2016-06-22,1.0,1.0,1.0
37,PSLV-C35,2016-09-26,1.0,1.0,1.0
38,PSLV-C36,2016-12-07,1.0,1.0,1.0
39,PSLV-C37,2017-02-15,1.0,1.0,1.0
40,PSLV-C38,2017-06-23,1.0,1.0,1.0
41,PSLV-C39,2017-08-31,0.9,0.9333333333333333,0.95
42,PSLV-C40,2018-01-12,0.9,0.9333333333333333,0.95
43,PSLV-C41,2018-04-12,0.9,0.9333333333333333,0.95
44,PSLV-C42,2018-09-16,0.9,0.9333333333333333,0.95
45,PSLV-C43,2018-11-29,0.9,0.9333333333333333,0.95
46,PSLV-C44,2019-01-24,0.9,0.9333333333333333,0.95
47,PSLV-C45,2019-04-01,0.9,0.9333333333333333,0.95
48,PSLV-C46,2019-05-22,0.9,0.9333333333333333,0.95
49,PSLV-C47,2019-11-27,0.9,0.9333333333333333,0.95
50,PSLV-C48,2019-12-11,0.9,0.9333333333333333,0.95
51,PSLV-C49,2020-11-07,1.0,0.9333333333333333,0.95
52,PSLV-C50,2020-12-17,1.0,0.9333333333333333,0.95
53,PSLV-C51,2021-02-28,1.0,0.9333333333333333,0.95
54,PSLV-C52,2022-02-14,1.0,0.9333333333333333,0.95
55,PSLV-C53,2022-06-30,1.0,0.9333333333333333,0.95
56,PSLV-C54,2022-11-26,1.0,1.0,0.95
57,PSLV-C55,2023-04-22,1.0,1.0,0.95
58,PSLV-C56,2023-07-30,1.0,1.0,0.95
59,PSLV-C57,2023-09-02,1.0,1.0,0.95
60,PSLV-C58,2024-01-01,1.0,1.0,0.95
61,PSLV-C59,2024-12-05,1.0,1.0,1.0
62,PSLV-C60,2024-12-30,1.0,1.0,1.0
63,PSLV-C61,2025-05-18,0.9,0.9333333333333333,0.95
64,PSLV-C62,2026-01-12,0.8,0.8666666666666667,0.9
