launch_index,mission,calendar_date,year,variant_raw,variant_standard,payload_raw,outcome_raw,success,outcome_verification,outcome_source,outcome_source_text,verification_status,failure_type,failure_stage,failure_cause_raw,cause_status,post_C61,previous_failure,primary_source,secondary_source,source_date_checked,source_disagreement,resolution_note,notes
1,PSLV-D1,1993-09-20,1993,PSLV-G,PSLV-G,IRS-1E,Mission Unsuccessful,0,PRIMARY_OFFICIAL_FAILURE,https://www.isro.gov.in/ISRO_EN/PSLV_Launchers.html,Mission Unsuccessful,VERIFIED,FAILURE,UNKNOWN,Mission unsuccessful,confirmed,0,0,https://www.isro.gov.in/ISRO_EN/PSLV_Launchers.html,https://www.isro.gov.in/ISRO_EN/SpacecraftMissions.html,2026-10-01,0,,
2,PSLV-D2,1994-10-15,1994,PSLV-G,PSLV-G,IRS-P2,,1,PRIMARY_OFFICIAL_SUCCESS,https://www.isro.gov.in/ISRO_EN/PSLV_Launchers.html,Mission is listed in ISRO's official PSLV launch chronology under Missions accomplished; the row has no unsuccessful outcome and its payload is recorded.,VERIFIED,SUCCESS,,,not_applicable,0,1,https://www.isro.gov.in/ISRO_EN/PSLV_Launchers.html,,2026-10-01,0,,
3,PSLV-D3,1996-03-21,1996,PSLV-G,PSLV-G,IRS-P3,,1,PRIMARY_OFFICIAL_SUCCESS,https://www.isro.gov.in/ISRO_EN/PSLV_Launchers.html,Mission is listed in ISRO's official PSLV launch chronology under Missions accomplished; the row has no unsuccessful outcome and its payload is recorded.,VERIFIED,SUCCESS,,,not_applicable,0,0,https://www.isro.gov.in/ISRO_EN/PSLV_Launchers.html,,2026-10-01,0,,
4,PSLV-C1,1997-09-29,1997,PSLV-G,PSLV-G,IRS-1D,,1,PRIMARY_OFFICIAL_SUCCESS,https://www.isro.gov.in/ISRO_EN/PSLV_Launchers.html,Mission is listed in ISRO's official PSLV launch chronology under Missions accomplished; the row has no unsuccessful outcome and its payload is recorded.,VERIFIED,SUCCESS,,,not_applicable,0,0,https://www.isro.gov.in/ISRO_EN/PSLV_Launchers.html,,2026-10-01,0,,
5,PSLV-C2,1999-05-26,1999,PSLV-G,PSLV-G,Oceansat (IRS-P4),,1,PRIMARY_OFFICIAL_SUCCESS,https://www.isro.gov.in/ISRO_EN/PSLV_Launchers.html,Mission is listed in ISRO's official PSLV launch chronology under Missions accomplished; the row has no unsuccessful outcome and its payload is recorded.,VERIFIED,SUCCESS,,,not_applicable,0,0,https://www.isro.gov.in/ISRO_EN/PSLV_Launchers.html,,2026-10-01,0,,
6,PSLV-C3,2001-10-22,2001,PSLV-G,PSLV-G,TES,,1,PRIMARY_OFFICIAL_SUCCESS,https://www.isro.gov.in/ISRO_EN/PSLV_Launchers.html,Mission is listed in ISRO's official PSLV launch chronology under Missions accomplished; the row has no unsuccessful outcome and its payload is recorded.,VERIFIED,SUCCESS,,,not_applicable,0,0,https://www.isro.gov.in/ISRO_EN/PSLV_Launchers.html,,2026-10-01,0,,
7,PSLV-C4,2002-09-12,2002,PSLV-G,PSLV-G,KALPANA-1,,1,PRIMARY_OFFICIAL_SUCCESS,https://www.isro.gov.in/ISRO_EN/PSLV_Launchers.html,Mission is listed in ISRO's official PSLV launch chronology under Missions accomplished; the row has no unsuccessful outcome and its payload is recorded.,VERIFIED,SUCCESS,,,not_applicable,0,0,https://www.isro.gov.in/ISRO_EN/PSLV_Launchers.html,,2026-10-01,0,,
8,PSLV-C5,2003-10-17,2003,PSLV-G,PSLV-G,IRS-P6 / RESOURCESAT-1,,1,PRIMARY_OFFICIAL_SUCCESS,https://www.isro.gov.in/ISRO_EN/PSLV_Launchers.html,Mission is listed in ISRO's official PSLV launch chronology under Missions accomplished; the row has no unsuccessful outcome and its payload is recorded.,VERIFIED,SUCCESS,,,not_applicable,0,0,https://www.isro.gov.in/ISRO_EN/PSLV_Launchers.html,,2026-10-01,0,,
9,PSLV-C6,2005-05-05,2005,PSLV-G,PSLV-G,CARTOSAT-1 / HAMSAT,,1,PRIMARY_OFFICIAL_SUCCESS,https://www.isro.gov.in/ISRO_EN/PSLV_Launchers.html,Mission is listed in ISRO's official PSLV launch chronology under Missions accomplished; the row has no unsuccessful outcome and its payload is recorded.,VERIFIED,SUCCESS,,,not_applicable,0,0,https://www.isro.gov.in/ISRO_EN/PSLV_Launchers.html,,2026-10-01,0,,
10,PSLV-C7,2007-01-10,2007,PSLV-G,PSLV-G,CARTOSAT-2 / SRE-1,,1,PRIMARY_OFFICIAL_SUCCESS,https://www.isro.gov.in/ISRO_EN/PSLV_Launchers.html,Mission is listed in ISRO's official PSLV launch chronology under Missions accomplished; the row has no unsuccessful outcome and its payload is recorded.,VERIFIED,SUCCESS,,,not_applicable,0,0,https://www.isro.gov.in/ISRO_EN/PSLV_Launchers.html,,2026-10-01,0,,
11,PSLV-C8,2007-04-23,2007,PSLV-CA,PSLV-CA,,,1,PRIMARY_OFFICIAL_SUCCESS,https://www.isro.gov.in/ISRO_EN/PSLV_Launchers.html,Mission is listed in ISRO's official PSLV launch chronology under Missions accomplished; the row has no unsuccessful outcome and its payload is recorded.,VERIFIED,SUCCESS,,,not_applicable,0,0,https://www.isro.gov.in/ISRO_EN/PSLV_Launchers.html,,2026-10-01,0,,
12,PSLV-C10,2008-01-21,2008,PSLV-CA,PSLV-CA,,,1,PRIMARY_OFFICIAL_SUCCESS,https://www.isro.gov.in/ISRO_EN/PSLV_Launchers.html,Mission is listed in ISRO's official PSLV launch chronology under Missions accomplished; the row has no unsuccessful outcome and its payload is recorded.,VERIFIED,SUCCESS,,,not_applicable,0,0,https://www.isro.gov.in/ISRO_EN/PSLV_Launchers.html,,2026-10-01,0,,
13,PSLV-C9,2008-04-28,2008,PSLV-CA,PSLV-CA,CARTOSAT-2A / IMS-1,,1,PRIMARY_OFFICIAL_SUCCESS,https://www.isro.gov.in/ISRO_EN/PSLV_Launchers.html,Mission is listed in ISRO's official PSLV launch chronology under Missions accomplished; the row has no unsuccessful outcome and its payload is recorded.,VERIFIED,SUCCESS,,,not_applicable,0,0,https://www.isro.gov.in/ISRO_EN/PSLV_Launchers.html,,2026-10-01,0,,
14,PSLV-C11,2008-10-22,2008,PSLV-XL,PSLV-XL,Chandrayaan-1,,1,PRIMARY_OFFICIAL_SUCCESS,https://www.isro.gov.in/ISRO_EN/PSLV_Launchers.html,Mission is listed in ISRO's official PSLV launch chronology under Missions accomplished; the row has no unsuccessful outcome and its payload is recorded.,VERIFIED,SUCCESS,,,not_applicable,0,0,https://www.isro.gov.in/ISRO_EN/PSLV_Launchers.html,,2026-10-01,0,,
15,PSLV-C12,2009-04-20,2009,PSLV-CA,PSLV-CA,RISAT-2,,1,PRIMARY_OFFICIAL_SUCCESS,https://www.isro.gov.in/ISRO_EN/PSLV_Launchers.html,Mission is listed in ISRO's official PSLV launch chronology under Missions accomplished; the row has no unsuccessful outcome and its payload is recorded.,VERIFIED,SUCCESS,,,not_applicable,0,0,https://www.isro.gov.in/ISRO_EN/PSLV_Launchers.html,,2026-10-01,0,,
16,PSLV-C14,2009-09-23,2009,PSLV-CA,PSLV-CA,Oceansat-2,,1,PRIMARY_OFFICIAL_SUCCESS,https://www.isro.gov.in/ISRO_EN/PSLV_Launchers.html,Mission is listed in ISRO's official PSLV launch chronology under Missions accomplished; the row has no unsuccessful outcome and its payload is recorded.,VERIFIED,SUCCESS,,,not_applicable,0,0,https://www.isro.gov.in/ISRO_EN/PSLV_Launchers.html,,2026-10-01,0,,
17,PSLV-C15,2010-07-12,2010,PSLV-CA,PSLV-CA,CARTOSAT-2B,,1,PRIMARY_OFFICIAL_SUCCESS,https://www.isro.gov.in/ISRO_EN/PSLV_Launchers.html,Mission is listed in ISRO's official PSLV launch chronology under Missions accomplished; the row has no unsuccessful outcome and its payload is recorded.,VERIFIED,SUCCESS,,,not_applicable,0,0,https://www.isro.gov.in/ISRO_EN/PSLV_Launchers.html,,2026-10-01,0,,
18,PSLV-C16,2011-04-20,2011,PSLV-G,PSLV-G,RESOURCESAT-2 / YOUTHSAT,,1,PRIMARY_OFFICIAL_SUCCESS,https://www.isro.gov.in/ISRO_EN/PSLV_Launchers.html,Mission is listed in ISRO's official PSLV launch chronology under Missions accomplished; the row has no unsuccessful outcome and its payload is recorded.,VERIFIED,SUCCESS,,,not_applicable,0,0,https://www.isro.gov.in/ISRO_EN/PSLV_Launchers.html,,2026-10-01,0,,
19,PSLV-C17,2011-07-15,2011,PSLV-XL,PSLV-XL,GSAT-12,,1,PRIMARY_OFFICIAL_SUCCESS,https://www.isro.gov.in/ISRO_EN/PSLV_Launchers.html,Mission is listed in ISRO's official PSLV launch chronology under Missions accomplished; the row has no unsuccessful outcome and its payload is recorded.,VERIFIED,SUCCESS,,,not_applicable,0,0,https://www.isro.gov.in/ISRO_EN/PSLV_Launchers.html,,2026-10-01,0,,
20,PSLV-C18,2011-10-12,2011,PSLV-CA,PSLV-CA,Megha-Tropiques,,1,PRIMARY_OFFICIAL_SUCCESS,https://www.isro.gov.in/ISRO_EN/PSLV_Launchers.html,Mission is listed in ISRO's official PSLV launch chronology under Missions accomplished; the row has no unsuccessful outcome and its payload is recorded.,VERIFIED,SUCCESS,,,not_applicable,0,0,https://www.isro.gov.in/ISRO_EN/PSLV_Launchers.html,,2026-10-01,0,,
21,PSLV-C19,2012-04-26,2012,PSLV-XL,PSLV-XL,RISAT-1,,1,PRIMARY_OFFICIAL_SUCCESS,https://www.isro.gov.in/ISRO_EN/PSLV_Launchers.html,Mission is listed in ISRO's official PSLV launch chronology under Missions accomplished; the row has no unsuccessful outcome and its payload is recorded.,VERIFIED,SUCCESS,,,not_applicable,0,0,https://www.isro.gov.in/ISRO_EN/PSLV_Launchers.html,,2026-10-01,0,,
22,PSLV-C21,2012-09-09,2012,PSLV-CA,PSLV-CA,,,1,PRIMARY_OFFICIAL_SUCCESS,https://www.isro.gov.in/ISRO_EN/PSLV_Launchers.html,Mission is listed in ISRO's official PSLV launch chronology under Missions accomplished; the row has no unsuccessful outcome and its payload is recorded.,VERIFIED,SUCCESS,,,not_applicable,0,0,https://www.isro.gov.in/ISRO_EN/PSLV_Launchers.html,,2026-10-01,0,,
23,PSLV-C20,2013-02-25,2013,PSLV-CA,PSLV-CA,SARAL,,1,PRIMARY_OFFICIAL_SUCCESS,https://www.isro.gov.in/ISRO_EN/PSLV_Launchers.html,Mission is listed in ISRO's official PSLV launch chronology under Missions accomplished; the row has no unsuccessful outcome and its payload is recorded.,VERIFIED,SUCCESS,,,not_applicable,0,0,https://www.isro.gov.in/ISRO_EN/PSLV_Launchers.html,,2026-10-01,0,,
24,PSLV-C22,2013-07-01,2013,PSLV-XL,PSLV-XL,IRNSS-1A,,1,PRIMARY_OFFICIAL_SUCCESS,https://www.isro.gov.in/ISRO_EN/PSLV_Launchers.html,Mission is listed in ISRO's official PSLV launch chronology under Missions accomplished; the row has no unsuccessful outcome and its payload is recorded.,VERIFIED,SUCCESS,,,not_applicable,0,0,https://www.isro.gov.in/ISRO_EN/PSLV_Launchers.html,,2026-10-01,0,,
25,PSLV-C25,2013-11-05,2013,PSLV-XL,PSLV-XL,Mars Orbiter Mission,,1,PRIMARY_OFFICIAL_SUCCESS,https://www.isro.gov.in/ISRO_EN/PSLV_Launchers.html,Mission is listed in ISRO's official PSLV launch chronology under Missions accomplished; the row has no unsuccessful outcome and its payload is recorded.,VERIFIED,SUCCESS,,,not_applicable,0,0,https://www.isro.gov.in/ISRO_EN/PSLV_Launchers.html,,2026-10-01,0,,
26,PSLV-C24,2014-04-04,2014,PSLV-XL,PSLV-XL,IRNSS-1B,,1,PRIMARY_OFFICIAL_SUCCESS,https://www.isro.gov.in/ISRO_EN/PSLV_Launchers.html,Mission is listed in ISRO's official PSLV launch chronology under Missions accomplished; the row has no unsuccessful outcome and its payload is recorded.,VERIFIED,SUCCESS,,,not_applicable,0,0,https://www.isro.gov.in/ISRO_EN/PSLV_Launchers.html,,2026-10-01,0,,
27,PSLV-C23,2014-06-30,2014,PSLV-CA,PSLV-CA,,,1,PRIMARY_OFFICIAL_SUCCESS,https://www.isro.gov.in/ISRO_EN/PSLV_Launchers.html,Mission is listed in ISRO's official PSLV launch chronology under Missions accomplished; the row has no unsuccessful outcome and its payload is recorded.,VERIFIED,SUCCESS,,,not_applicable,0,0,https://www.isro.gov.in/ISRO_EN/PSLV_Launchers.html,,2026-10-01,0,,
28,PSLV-C26,2014-10-16,2014,PSLV-XL,PSLV-XL,IRNSS-1C,,1,PRIMARY_OFFICIAL_SUCCESS,https://www.isro.gov.in/ISRO_EN/PSLV_Launchers.html,Mission is listed in ISRO's official PSLV launch chronology under Missions accomplished; the row has no unsuccessful outcome and its payload is recorded.,VERIFIED,SUCCESS,,,not_applicable,0,0,https://www.isro.gov.in/ISRO_EN/PSLV_Launchers.html,,2026-10-01,0,,
29,PSLV-C27,2015-03-28,2015,PSLV-XL,PSLV-XL,IRNSS-1D,,1,PRIMARY_OFFICIAL_SUCCESS,https://www.isro.gov.in/ISRO_EN/PSLV_Launchers.html,Mission is listed in ISRO's official PSLV launch chronology under Missions accomplished; the row has no unsuccessful outcome and its payload is recorded.,VERIFIED,SUCCESS,,,not_applicable,0,0,https://www.isro.gov.in/ISRO_EN/PSLV_Launchers.html,,2026-10-01,0,,
30,PSLV-C28,2015-07-10,2015,PSLV-XL,PSLV-XL,DMC3,,1,PRIMARY_OFFICIAL_SUCCESS,https://www.isro.gov.in/ISRO_EN/PSLV_Launchers.html,Mission is listed in ISRO's official PSLV launch chronology under Missions accomplished; the row has no unsuccessful outcome and its payload is recorded.,VERIFIED,SUCCESS,,,not_applicable,0,0,https://www.isro.gov.in/ISRO_EN/PSLV_Launchers.html,,2026-10-01,0,,
31,PSLV-C30,2015-09-28,2015,PSLV-XL,PSLV-XL,AstroSat,,1,PRIMARY_OFFICIAL_SUCCESS,https://www.isro.gov.in/ISRO_EN/PSLV_Launchers.html,Mission is listed in ISRO's official PSLV launch chronology under Missions accomplished; the row has no unsuccessful outcome and its payload is recorded.,VERIFIED,SUCCESS,,,not_applicable,0,0,https://www.isro.gov.in/ISRO_EN/PSLV_Launchers.html,,2026-10-01,0,,
32,PSLV-C29,2015-12-16,2015,PSLV-CA,PSLV-CA,TeLEOS-1,,1,PRIMARY_OFFICIAL_SUCCESS,https://www.isro.gov.in/ISRO_EN/PSLV_Launchers.html,Mission is listed in ISRO's official PSLV launch chronology under Missions accomplished; the row has no unsuccessful outcome and its payload is recorded.,VERIFIED,SUCCESS,,,not_applicable,0,0,https://www.isro.gov.in/ISRO_EN/PSLV_Launchers.html,,2026-10-01,0,,
33,PSLV-C31,2016-01-20,2016,PSLV-XL,PSLV-XL,IRNSS-1E,,1,PRIMARY_OFFICIAL_SUCCESS,https://www.isro.gov.in/ISRO_EN/PSLV_Launchers.html,Mission is listed in ISRO's official PSLV launch chronology under Missions accomplished; the row has no unsuccessful outcome and its payload is recorded.,VERIFIED,SUCCESS,,,not_applicable,0,0,https://www.isro.gov.in/ISRO_EN/PSLV_Launchers.html,,2026-10-01,0,,
34,PSLV-C32,2016-03-10,2016,PSLV-XL,PSLV-XL,IRNSS-1F,,1,PRIMARY_OFFICIAL_SUCCESS,https://www.isro.gov.in/ISRO_EN/PSLV_Launchers.html,Mission is listed in ISRO's official PSLV launch chronology under Missions accomplished; the row has no unsuccessful outcome and its payload is recorded.,VERIFIED,SUCCESS,,,not_applicable,0,0,https://www.isro.gov.in/ISRO_EN/PSLV_Launchers.html,,2026-10-01,0,,
35,PSLV-C33,2016-04-28,2016,PSLV-XL,PSLV-XL,IRNSS-1G,,1,PRIMARY_OFFICIAL_SUCCESS,https://www.isro.gov.in/ISRO_EN/PSLV_Launchers.html,Mission is listed in ISRO's official PSLV launch chronology under Missions accomplished; the row has no unsuccessful outcome and its payload is recorded.,VERIFIED,SUCCESS,,,not_applicable,0,0,https://www.isro.gov.in/ISRO_EN/PSLV_Launchers.html,,2026-10-01,0,,
36,PSLV-C34,2016-06-22,2016,PSLV-XL,PSLV-XL,CARTOSAT-2 Series,,1,PRIMARY_OFFICIAL_SUCCESS,https://www.isro.gov.in/ISRO_EN/PSLV_Launchers.html,Mission is listed in ISRO's official PSLV launch chronology under Missions accomplished; the row has no unsuccessful outcome and its payload is recorded.,VERIFIED,SUCCESS,,,not_applicable,0,0,https://www.isro.gov.in/ISRO_EN/PSLV_Launchers.html,,2026-10-01,0,,
37,PSLV-C35,2016-09-26,2016,PSLV,PSLV,SCATSAT-1,,1,PRIMARY_OFFICIAL_SUCCESS,https://www.isro.gov.in/ISRO_EN/PSLV_Launchers.html,Mission is listed in ISRO's official PSLV launch chronology under Missions accomplished; the row has no unsuccessful outcome and its payload is recorded.,VERIFIED,SUCCESS,,,not_applicable,0,0,https://www.isro.gov.in/ISRO_EN/PSLV_Launchers.html,,2026-10-01,0,,
38,PSLV-C36,2016-12-07,2016,PSLV-XL,PSLV-XL,RESOURCESAT-2A,,1,PRIMARY_OFFICIAL_SUCCESS,https://www.isro.gov.in/ISRO_EN/PSLV_Launchers.html,Mission is listed in ISRO's official PSLV launch chronology under Missions accomplished; the row has no unsuccessful outcome and its payload is recorded.,VERIFIED,SUCCESS,,,not_applicable,0,0,https://www.isro.gov.in/ISRO_EN/PSLV_Launchers.html,,2026-10-01,0,,
39,PSLV-C37,2017-02-15,2017,PSLV-XL,PSLV-XL,CARTOSAT-2 Series,,1,PRIMARY_OFFICIAL_SUCCESS,https://www.isro.gov.in/ISRO_EN/PSLV_Launchers.html,Mission is listed in ISRO's official PSLV launch chronology under Missions accomplished; the row has no unsuccessful outcome and its payload is recorded.,VERIFIED,SUCCESS,,,not_applicable,0,0,https://www.isro.gov.in/ISRO_EN/PSLV_Launchers.html,,2026-10-01,0,,
40,PSLV-C38,2017-06-23,2017,PSLV-XL,PSLV-XL,CARTOSAT-2 Series,,1,PRIMARY_OFFICIAL_SUCCESS,https://www.isro.gov.in/ISRO_EN/PSLV_Launchers.html,Mission is listed in ISRO's official PSLV launch chronology under Missions accomplished; the row has no unsuccessful outcome and its payload is recorded.,VERIFIED,SUCCESS,,,not_applicable,0,0,https://www.isro.gov.in/ISRO_EN/PSLV_Launchers.html,,2026-10-01,0,,
41,PSLV-C39,2017-08-31,2017,PSLV-XL,PSLV-XL,IRNSS-1H,Mission Unsuccessful,0,PRIMARY_OFFICIAL_FAILURE,https://www.isro.gov.in/ISRO_EN/PSLV_Launchers.html,Mission Unsuccessful,VERIFIED,FAILURE,UNKNOWN,Mission unsuccessful,confirmed,0,0,https://www.isro.gov.in/ISRO_EN/PSLV_Launchers.html,https://www.isro.gov.in/ISRO_EN/SpacecraftMissions.html,2026-10-01,0,,
42,PSLV-C40,2018-01-12,2018,PSLV-XL,PSLV-XL,Cartosat-2 Series,,1,PRIMARY_OFFICIAL_SUCCESS,https://www.isro.gov.in/ISRO_EN/PSLV_Launchers.html,Mission is listed in ISRO's official PSLV launch chronology under Missions accomplished; the row has no unsuccessful outcome and its payload is recorded.,VERIFIED,SUCCESS,,,not_applicable,0,1,https://www.isro.gov.in/ISRO_EN/PSLV_Launchers.html,,2026-10-01,0,,
43,PSLV-C41,2018-04-12,2018,PSLV-XL,PSLV-XL,IRNSS-1I,,1,PRIMARY_OFFICIAL_SUCCESS,https://www.isro.gov.in/ISRO_EN/PSLV_Launchers.html,Mission is listed in ISRO's official PSLV launch chronology under Missions accomplished; the row has no unsuccessful outcome and its payload is recorded.,VERIFIED,SUCCESS,,,not_applicable,0,0,https://www.isro.gov.in/ISRO_EN/PSLV_Launchers.html,,2026-10-01,0,,
44,PSLV-C42,2018-09-16,2018,PSLV,PSLV,,,1,PRIMARY_OFFICIAL_SUCCESS,https://www.isro.gov.in/ISRO_EN/PSLV_Launchers.html,Mission is listed in ISRO's official PSLV launch chronology under Missions accomplished; the row has no unsuccessful outcome and its payload is recorded.,VERIFIED,SUCCESS,,,not_applicable,0,0,https://www.isro.gov.in/ISRO_EN/PSLV_Launchers.html,,2026-10-01,0,,
45,PSLV-C43,2018-11-29,2018,PSLV,PSLV,HysIS,,1,PRIMARY_OFFICIAL_SUCCESS,https://www.isro.gov.in/ISRO_EN/PSLV_Launchers.html,Mission is listed in ISRO's official PSLV launch chronology under Missions accomplished; the row has no unsuccessful outcome and its payload is recorded.,VERIFIED,SUCCESS,,,not_applicable,0,0,https://www.isro.gov.in/ISRO_EN/PSLV_Launchers.html,,2026-10-01,0,,
46,PSLV-C44,2019-01-24,2019,PSLV-DL,PSLV-DL,Microsat-R,,1,PRIMARY_OFFICIAL_SUCCESS,https://www.isro.gov.in/ISRO_EN/PSLV_Launchers.html,Mission is listed in ISRO's official PSLV launch chronology under Missions accomplished; the row has no unsuccessful outcome and its payload is recorded.,VERIFIED,SUCCESS,,,not_applicable,0,0,https://www.isro.gov.in/ISRO_EN/PSLV_Launchers.html,,2026-10-01,0,,
47,PSLV-C45,2019-04-01,2019,PSLV-QL,PSLV-QL,EMISAT,,1,PRIMARY_OFFICIAL_SUCCESS,https://www.isro.gov.in/ISRO_EN/PSLV_Launchers.html,Mission is listed in ISRO's official PSLV launch chronology under Missions accomplished; the row has no unsuccessful outcome and its payload is recorded.,VERIFIED,SUCCESS,,,not_applicable,0,0,https://www.isro.gov.in/ISRO_EN/PSLV_Launchers.html,,2026-10-01,0,,
48,PSLV-C46,2019-05-22,2019,PSLV-CA,PSLV-CA,RISAT-2B,,1,PRIMARY_OFFICIAL_SUCCESS,https://www.isro.gov.in/ISRO_EN/PSLV_Launchers.html,Mission is listed in ISRO's official PSLV launch chronology under Missions accomplished; the row has no unsuccessful outcome and its payload is recorded.,VERIFIED,SUCCESS,,,not_applicable,0,0,https://www.isro.gov.in/ISRO_EN/PSLV_Launchers.html,,2026-10-01,0,,
49,PSLV-C47,2019-11-27,2019,PSLV-XL,PSLV-XL,Cartosat-3,,1,PRIMARY_OFFICIAL_SUCCESS,https://www.isro.gov.in/ISRO_EN/PSLV_Launchers.html,Mission is listed in ISRO's official PSLV launch chronology under Missions accomplished; the row has no unsuccessful outcome and its payload is recorded.,VERIFIED,SUCCESS,,,not_applicable,0,0,https://www.isro.gov.in/ISRO_EN/PSLV_Launchers.html,,2026-10-01,0,,
50,PSLV-C48,2019-12-11,2019,PSLV-QL,PSLV-QL,RISAT-2BR1,,1,PRIMARY_OFFICIAL_SUCCESS,https://www.isro.gov.in/ISRO_EN/PSLV_Launchers.html,Mission is listed in ISRO's official PSLV launch chronology under Missions accomplished; the row has no unsuccessful outcome and its payload is recorded.,VERIFIED,SUCCESS,,,not_applicable,0,0,https://www.isro.gov.in/ISRO_EN/PSLV_Launchers.html,,2026-10-01,0,,
51,PSLV-C49,2020-11-07,2020,PSLV-DL,PSLV-DL,EOS-01,,1,PRIMARY_OFFICIAL_SUCCESS,https://www.isro.gov.in/ISRO_EN/PSLV_Launchers.html,Mission is listed in ISRO's official PSLV launch chronology under Missions accomplished; the row has no unsuccessful outcome and its payload is recorded.,VERIFIED,SUCCESS,,,not_applicable,0,0,https://www.isro.gov.in/ISRO_EN/PSLV_Launchers.html,,2026-10-01,0,,
52,PSLV-C50,2020-12-17,2020,PSLV-XL,PSLV-XL,CMS-01,,1,PRIMARY_OFFICIAL_SUCCESS,https://www.isro.gov.in/ISRO_EN/PSLV_Launchers.html,Mission is listed in ISRO's official PSLV launch chronology under Missions accomplished; the row has no unsuccessful outcome and its payload is recorded.,VERIFIED,SUCCESS,,,not_applicable,0,0,https://www.isro.gov.in/ISRO_EN/PSLV_Launchers.html,,2026-10-01,0,,
53,PSLV-C51,2021-02-28,2021,PSLV-DL,PSLV-DL,Amazonia-1,,1,PRIMARY_OFFICIAL_SUCCESS,https://www.isro.gov.in/ISRO_EN/PSLV_Launchers.html,Mission is listed in ISRO's official PSLV launch chronology under Missions accomplished; the row has no unsuccessful outcome and its payload is recorded.,VERIFIED,SUCCESS,,,not_applicable,0,0,https://www.isro.gov.in/ISRO_EN/PSLV_Launchers.html,,2026-10-01,0,,
54,PSLV-C52,2022-02-14,2022,PSLV-XL,PSLV-XL,EOS-04,,1,PRIMARY_OFFICIAL_SUCCESS,https://www.isro.gov.in/ISRO_EN/PSLV_Launchers.html,Mission is listed in ISRO's official PSLV launch chronology under Missions accomplished; the row has no unsuccessful outcome and its payload is recorded.,VERIFIED,SUCCESS,,,not_applicable,0,0,https://www.isro.gov.in/ISRO_EN/PSLV_Launchers.html,,2026-10-01,0,,
55,PSLV-C53,2022-06-30,2022,,UNKNOWN,DS-EO,,1,PRIMARY_OFFICIAL_SUCCESS,https://www.isro.gov.in/ISRO_EN/PSLV_Launchers.html,Mission is listed in ISRO's official PSLV launch chronology under Missions accomplished; the row has no unsuccessful outcome and its payload is recorded.,VERIFIED,SUCCESS,,,not_applicable,0,0,https://www.isro.gov.in/ISRO_EN/PSLV_Launchers.html,,2026-10-01,0,,
56,PSLV-C54,2022-11-26,2022,PSLV-XL,PSLV-XL,EOS-06 / India-Bhutan Sat,,1,PRIMARY_OFFICIAL_SUCCESS,https://www.isro.gov.in/ISRO_EN/PSLV_Launchers.html,Mission is listed in ISRO's official PSLV launch chronology under Missions accomplished; the row has no unsuccessful outcome and its payload is recorded.,VERIFIED,SUCCESS,,,not_applicable,0,0,https://www.isro.gov.in/ISRO_EN/PSLV_Launchers.html,,2026-10-01,0,,
57,PSLV-C55,2023-04-22,2023,PSLV-CA,PSLV-CA,TeLEOS-2,,1,PRIMARY_OFFICIAL_SUCCESS,https://www.isro.gov.in/ISRO_EN/PSLV_Launchers.html,Mission is listed in ISRO's official PSLV launch chronology under Missions accomplished; the row has no unsuccessful outcome and its payload is recorded.,VERIFIED,SUCCESS,,,not_applicable,0,0,https://www.isro.gov.in/ISRO_EN/PSLV_Launchers.html,,2026-10-01,0,,
58,PSLV-C56,2023-07-30,2023,PSLV-CA,PSLV-CA,DS-SAR,,1,PRIMARY_OFFICIAL_SUCCESS,https://www.isro.gov.in/ISRO_EN/PSLV_Launchers.html,Mission is listed in ISRO's official PSLV launch chronology under Missions accomplished; the row has no unsuccessful outcome and its payload is recorded.,VERIFIED,SUCCESS,,,not_applicable,0,0,https://www.isro.gov.in/ISRO_EN/PSLV_Launchers.html,,2026-10-01,0,,
59,PSLV-C57,2023-09-02,2023,PSLV-XL,PSLV-XL,Aditya-L1,,1,PRIMARY_OFFICIAL_SUCCESS,https://www.isro.gov.in/ISRO_EN/PSLV_Launchers.html,Mission is listed in ISRO's official PSLV launch chronology under Missions accomplished; the row has no unsuccessful outcome and its payload is recorded.,VERIFIED,SUCCESS,,,not_applicable,0,0,https://www.isro.gov.in/ISRO_EN/PSLV_Launchers.html,,2026-10-01,0,,
60,PSLV-C58,2024-01-01,2024,PSLV-DL,PSLV-DL,XPoSat,,1,PRIMARY_OFFICIAL_SUCCESS,https://www.isro.gov.in/ISRO_EN/PSLV_Launchers.html,Mission is listed in ISRO's official PSLV launch chronology under Missions accomplished; the row has no unsuccessful outcome and its payload is recorded.,VERIFIED,SUCCESS,,,not_applicable,0,0,https://www.isro.gov.in/ISRO_EN/PSLV_Launchers.html,,2026-10-01,0,,
61,PSLV-C59,2024-12-05,2024,PSLV-XL,PSLV-XL,Proba-3,,1,PRIMARY_OFFICIAL_SUCCESS,https://www.isro.gov.in/ISRO_EN/PSLV_Launchers.html,Mission is listed in ISRO's official PSLV launch chronology under Missions accomplished; the row has no unsuccessful outcome and its payload is recorded.,VERIFIED,SUCCESS,,,not_applicable,0,0,https://www.isro.gov.in/ISRO_EN/PSLV_Launchers.html,,2026-10-01,0,,
62,PSLV-C60,2024-12-30,2024,,UNKNOWN,SPADEX-A / SPADEX-B / POEM-4,,1,PRIMARY_OFFICIAL_SUCCESS,https://www.isro.gov.in/ISRO_EN/PSLV_Launchers.html,Mission is listed in ISRO's official PSLV launch chronology under Missions accomplished; the row has no unsuccessful outcome and its payload is recorded.,VERIFIED,SUCCESS,,,not_applicable,0,0,https://www.isro.gov.in/ISRO_EN/PSLV_Launchers.html,,2026-10-01,0,,
63,PSLV-C61,2025-05-18,2025,PSLV-XL,PSLV-XL,EOS-09,Not accomplished,0,PRIMARY_OFFICIAL_FAILURE,https://www.isro.gov.in/ISRO_EN/PSLV_Launchers.html,Not accomplished,VERIFIED,FAILURE,PS3,Anomaly during third-stage operation,reported_under_investigation,1,0,https://www.isro.gov.in/ISRO_EN/PSLV_Launchers.html,https://www.isro.gov.in/ISRO_EN/SpacecraftMissions.html,2026-10-01,0,,PS3 anomaly reported; root cause not established.
64,PSLV-C62,2026-01-12,2026,PSLV-DL,PSLV-DL,EOS-N1 / ANVESHA,,0,SECONDARY_OFFICIAL_FAILURE,https://www.isro.gov.in/ISRO_EN/SpacecraftMissions.html,Launch unsuccessful,VERIFIED,FAILURE,PS3,Anomaly around the end of the third stage,under_investigation,1,1,https://www.isro.gov.in/ISRO_EN/PSLV_Launchers.html,https://www.isro.gov.in/ISRO_EN/SpacecraftMissions.html,2026-10-01,1,Launch list remark is blank; ISRO spacecraft catalogue explicitly says Launch unsuccessful.,PS3 anomaly reported; root cause not established.
