mission,variable,source,source_value,coded_value,decision
PSLV-D1,outcome,https://www.isro.gov.in/ISRO_EN/PSLV_Launchers.html,Mission Unsuccessful,FAILURE,PRIMARY_OFFICIAL_FAILURE
PSLV-D2,outcome,https://www.isro.gov.in/ISRO_EN/PSLV_Launchers.html,Mission is listed in ISRO's official PSLV launch chronology under Missions accomplished; the row has no unsuccessful outcome and its payload is recorded.,SUCCESS,PRIMARY_OFFICIAL_SUCCESS
PSLV-D3,outcome,https://www.isro.gov.in/ISRO_EN/PSLV_Launchers.html,Mission is listed in ISRO's official PSLV launch chronology under Missions accomplished; the row has no unsuccessful outcome and its payload is recorded.,SUCCESS,PRIMARY_OFFICIAL_SUCCESS
PSLV-C1,outcome,https://www.isro.gov.in/ISRO_EN/PSLV_Launchers.html,Mission is listed in ISRO's official PSLV launch chronology under Missions accomplished; the row has no unsuccessful outcome and its payload is recorded.,SUCCESS,PRIMARY_OFFICIAL_SUCCESS
PSLV-C2,outcome,https://www.isro.gov.in/ISRO_EN/PSLV_Launchers.html,Mission is listed in ISRO's official PSLV launch chronology under Missions accomplished; the row has no unsuccessful outcome and its payload is recorded.,SUCCESS,PRIMARY_OFFICIAL_SUCCESS
PSLV-C3,outcome,https://www.isro.gov.in/ISRO_EN/PSLV_Launchers.html,Mission is listed in ISRO's official PSLV launch chronology under Missions accomplished; the row has no unsuccessful outcome and its payload is recorded.,SUCCESS,PRIMARY_OFFICIAL_SUCCESS
PSLV-C4,outcome,https://www.isro.gov.in/ISRO_EN/PSLV_Launchers.html,Mission is listed in ISRO's official PSLV launch chronology under Missions accomplished; the row has no unsuccessful outcome and its payload is recorded.,SUCCESS,PRIMARY_OFFICIAL_SUCCESS
PSLV-C5,outcome,https://www.isro.gov.in/ISRO_EN/PSLV_Launchers.html,Mission is listed in ISRO's official PSLV launch chronology under Missions accomplished; the row has no unsuccessful outcome and its payload is recorded.,SUCCESS,PRIMARY_OFFICIAL_SUCCESS
PSLV-C6,outcome,https://www.isro.gov.in/ISRO_EN/PSLV_Launchers.html,Mission is listed in ISRO's official PSLV launch chronology under Missions accomplished; the row has no unsuccessful outcome and its payload is recorded.,SUCCESS,PRIMARY_OFFICIAL_SUCCESS
PSLV-C7,outcome,https://www.isro.gov.in/ISRO_EN/PSLV_Launchers.html,Mission is listed in ISRO's official PSLV launch chronology under Missions accomplished; the row has no unsuccessful outcome and its payload is recorded.,SUCCESS,PRIMARY_OFFICIAL_SUCCESS
PSLV-C8,outcome,https://www.isro.gov.in/ISRO_EN/PSLV_Launchers.html,Mission is listed in ISRO's official PSLV launch chronology under Missions accomplished; the row has no unsuccessful outcome and its payload is recorded.,SUCCESS,PRIMARY_OFFICIAL_SUCCESS
PSLV-C10,outcome,https://www.isro.gov.in/ISRO_EN/PSLV_Launchers.html,Mission is listed in ISRO's official PSLV launch chronology under Missions accomplished; the row has no unsuccessful outcome and its payload is recorded.,SUCCESS,PRIMARY_OFFICIAL_SUCCESS
PSLV-C9,outcome,https://www.isro.gov.in/ISRO_EN/PSLV_Launchers.html,Mission is listed in ISRO's official PSLV launch chronology under Missions accomplished; the row has no unsuccessful outcome and its payload is recorded.,SUCCESS,PRIMARY_OFFICIAL_SUCCESS
PSLV-C11,outcome,https://www.isro.gov.in/ISRO_EN/PSLV_Launchers.html,Mission is listed in ISRO's official PSLV launch chronology under Missions accomplished; the row has no unsuccessful outcome and its payload is recorded.,SUCCESS,PRIMARY_OFFICIAL_SUCCESS
PSLV-C12,outcome,https://www.isro.gov.in/ISRO_EN/PSLV_Launchers.html,Mission is listed in ISRO's official PSLV launch chronology under Missions accomplished; the row has no unsuccessful outcome and its payload is recorded.,SUCCESS,PRIMARY_OFFICIAL_SUCCESS
PSLV-C14,outcome,https://www.isro.gov.in/ISRO_EN/PSLV_Launchers.html,Mission is listed in ISRO's official PSLV launch chronology under Missions accomplished; the row has no unsuccessful outcome and its payload is recorded.,SUCCESS,PRIMARY_OFFICIAL_SUCCESS
PSLV-C15,outcome,https://www.isro.gov.in/ISRO_EN/PSLV_Launchers.html,Mission is listed in ISRO's official PSLV launch chronology under Missions accomplished; the row has no unsuccessful outcome and its payload is recorded.,SUCCESS,PRIMARY_OFFICIAL_SUCCESS
PSLV-C16,outcome,https://www.isro.gov.in/ISRO_EN/PSLV_Launchers.html,Mission is listed in ISRO's official PSLV launch chronology under Missions accomplished; the row has no unsuccessful outcome and its payload is recorded.,SUCCESS,PRIMARY_OFFICIAL_SUCCESS
PSLV-C17,outcome,https://www.isro.gov.in/ISRO_EN/PSLV_Launchers.html,Mission is listed in ISRO's official PSLV launch chronology under Missions accomplished; the row has no unsuccessful outcome and its payload is recorded.,SUCCESS,PRIMARY_OFFICIAL_SUCCESS
PSLV-C18,outcome,https://www.isro.gov.in/ISRO_EN/PSLV_Launchers.html,Mission is listed in ISRO's official PSLV launch chronology under Missions accomplished; the row has no unsuccessful outcome and its payload is recorded.,SUCCESS,PRIMARY_OFFICIAL_SUCCESS
PSLV-C19,outcome,https://www.isro.gov.in/ISRO_EN/PSLV_Launchers.html,Mission is listed in ISRO's official PSLV launch chronology under Missions accomplished; the row has no unsuccessful outcome and its payload is recorded.,SUCCESS,PRIMARY_OFFICIAL_SUCCESS
PSLV-C21,outcome,https://www.isro.gov.in/ISRO_EN/PSLV_Launchers.html,Mission is listed in ISRO's official PSLV launch chronology under Missions accomplished; the row has no unsuccessful outcome and its payload is recorded.,SUCCESS,PRIMARY_OFFICIAL_SUCCESS
PSLV-C20,outcome,https://www.isro.gov.in/ISRO_EN/PSLV_Launchers.html,Mission is listed in ISRO's official PSLV launch chronology under Missions accomplished; the row has no unsuccessful outcome and its payload is recorded.,SUCCESS,PRIMARY_OFFICIAL_SUCCESS
PSLV-C22,outcome,https://www.isro.gov.in/ISRO_EN/PSLV_Launchers.html,Mission is listed in ISRO's official PSLV launch chronology under Missions accomplished; the row has no unsuccessful outcome and its payload is recorded.,SUCCESS,PRIMARY_OFFICIAL_SUCCESS
PSLV-C25,outcome,https://www.isro.gov.in/ISRO_EN/PSLV_Launchers.html,Mission is listed in ISRO's official PSLV launch chronology under Missions accomplished; the row has no unsuccessful outcome and its payload is recorded.,SUCCESS,PRIMARY_OFFICIAL_SUCCESS
PSLV-C24,outcome,https://www.isro.gov.in/ISRO_EN/PSLV_Launchers.html,Mission is listed in ISRO's official PSLV launch chronology under Missions accomplished; the row has no unsuccessful outcome and its payload is recorded.,SUCCESS,PRIMARY_OFFICIAL_SUCCESS
PSLV-C23,outcome,https://www.isro.gov.in/ISRO_EN/PSLV_Launchers.html,Mission is listed in ISRO's official PSLV launch chronology under Missions accomplished; the row has no unsuccessful outcome and its payload is recorded.,SUCCESS,PRIMARY_OFFICIAL_SUCCESS
PSLV-C26,outcome,https://www.isro.gov.in/ISRO_EN/PSLV_Launchers.html,Mission is listed in ISRO's official PSLV launch chronology under Missions accomplished; the row has no unsuccessful outcome and its payload is recorded.,SUCCESS,PRIMARY_OFFICIAL_SUCCESS
PSLV-C27,outcome,https://www.isro.gov.in/ISRO_EN/PSLV_Launchers.html,Mission is listed in ISRO's official PSLV launch chronology under Missions accomplished; the row has no unsuccessful outcome and its payload is recorded.,SUCCESS,PRIMARY_OFFICIAL_SUCCESS
PSLV-C28,outcome,https://www.isro.gov.in/ISRO_EN/PSLV_Launchers.html,Mission is listed in ISRO's official PSLV launch chronology under Missions accomplished; the row has no unsuccessful outcome and its payload is recorded.,SUCCESS,PRIMARY_OFFICIAL_SUCCESS
PSLV-C30,outcome,https://www.isro.gov.in/ISRO_EN/PSLV_Launchers.html,Mission is listed in ISRO's official PSLV launch chronology under Missions accomplished; the row has no unsuccessful outcome and its payload is recorded.,SUCCESS,PRIMARY_OFFICIAL_SUCCESS
PSLV-C29,outcome,https://www.isro.gov.in/ISRO_EN/PSLV_Launchers.html,Mission is listed in ISRO's official PSLV launch chronology under Missions accomplished; the row has no unsuccessful outcome and its payload is recorded.,SUCCESS,PRIMARY_OFFICIAL_SUCCESS
PSLV-C31,outcome,https://www.isro.gov.in/ISRO_EN/PSLV_Launchers.html,Mission is listed in ISRO's official PSLV launch chronology under Missions accomplished; the row has no unsuccessful outcome and its payload is recorded.,SUCCESS,PRIMARY_OFFICIAL_SUCCESS
PSLV-C32,outcome,https://www.isro.gov.in/ISRO_EN/PSLV_Launchers.html,Mission is listed in ISRO's official PSLV launch chronology under Missions accomplished; the row has no unsuccessful outcome and its payload is recorded.,SUCCESS,PRIMARY_OFFICIAL_SUCCESS
PSLV-C33,outcome,https://www.isro.gov.in/ISRO_EN/PSLV_Launchers.html,Mission is listed in ISRO's official PSLV launch chronology under Missions accomplished; the row has no unsuccessful outcome and its payload is recorded.,SUCCESS,PRIMARY_OFFICIAL_SUCCESS
PSLV-C34,outcome,https://www.isro.gov.in/ISRO_EN/PSLV_Launchers.html,Mission is listed in ISRO's official PSLV launch chronology under Missions accomplished; the row has no unsuccessful outcome and its payload is recorded.,SUCCESS,PRIMARY_OFFICIAL_SUCCESS
PSLV-C35,outcome,https://www.isro.gov.in/ISRO_EN/PSLV_Launchers.html,Mission is listed in ISRO's official PSLV launch chronology under Missions accomplished; the row has no unsuccessful outcome and its payload is recorded.,SUCCESS,PRIMARY_OFFICIAL_SUCCESS
PSLV-C36,outcome,https://www.isro.gov.in/ISRO_EN/PSLV_Launchers.html,Mission is listed in ISRO's official PSLV launch chronology under Missions accomplished; the row has no unsuccessful outcome and its payload is recorded.,SUCCESS,PRIMARY_OFFICIAL_SUCCESS
PSLV-C37,outcome,https://www.isro.gov.in/ISRO_EN/PSLV_Launchers.html,Mission is listed in ISRO's official PSLV launch chronology under Missions accomplished; the row has no unsuccessful outcome and its payload is recorded.,SUCCESS,PRIMARY_OFFICIAL_SUCCESS
PSLV-C38,outcome,https://www.isro.gov.in/ISRO_EN/PSLV_Launchers.html,Mission is listed in ISRO's official PSLV launch chronology under Missions accomplished; the row has no unsuccessful outcome and its payload is recorded.,SUCCESS,PRIMARY_OFFICIAL_SUCCESS
PSLV-C39,outcome,https://www.isro.gov.in/ISRO_EN/PSLV_Launchers.html,Mission Unsuccessful,FAILURE,PRIMARY_OFFICIAL_FAILURE
PSLV-C40,outcome,https://www.isro.gov.in/ISRO_EN/PSLV_Launchers.html,Mission is listed in ISRO's official PSLV launch chronology under Missions accomplished; the row has no unsuccessful outcome and its payload is recorded.,SUCCESS,PRIMARY_OFFICIAL_SUCCESS
PSLV-C41,outcome,https://www.isro.gov.in/ISRO_EN/PSLV_Launchers.html,Mission is listed in ISRO's official PSLV launch chronology under Missions accomplished; the row has no unsuccessful outcome and its payload is recorded.,SUCCESS,PRIMARY_OFFICIAL_SUCCESS
PSLV-C42,outcome,https://www.isro.gov.in/ISRO_EN/PSLV_Launchers.html,Mission is listed in ISRO's official PSLV launch chronology under Missions accomplished; the row has no unsuccessful outcome and its payload is recorded.,SUCCESS,PRIMARY_OFFICIAL_SUCCESS
PSLV-C43,outcome,https://www.isro.gov.in/ISRO_EN/PSLV_Launchers.html,Mission is listed in ISRO's official PSLV launch chronology under Missions accomplished; the row has no unsuccessful outcome and its payload is recorded.,SUCCESS,PRIMARY_OFFICIAL_SUCCESS
PSLV-C44,outcome,https://www.isro.gov.in/ISRO_EN/PSLV_Launchers.html,Mission is listed in ISRO's official PSLV launch chronology under Missions accomplished; the row has no unsuccessful outcome and its payload is recorded.,SUCCESS,PRIMARY_OFFICIAL_SUCCESS
PSLV-C45,outcome,https://www.isro.gov.in/ISRO_EN/PSLV_Launchers.html,Mission is listed in ISRO's official PSLV launch chronology under Missions accomplished; the row has no unsuccessful outcome and its payload is recorded.,SUCCESS,PRIMARY_OFFICIAL_SUCCESS
PSLV-C46,outcome,https://www.isro.gov.in/ISRO_EN/PSLV_Launchers.html,Mission is listed in ISRO's official PSLV launch chronology under Missions accomplished; the row has no unsuccessful outcome and its payload is recorded.,SUCCESS,PRIMARY_OFFICIAL_SUCCESS
PSLV-C47,outcome,https://www.isro.gov.in/ISRO_EN/PSLV_Launchers.html,Mission is listed in ISRO's official PSLV launch chronology under Missions accomplished; the row has no unsuccessful outcome and its payload is recorded.,SUCCESS,PRIMARY_OFFICIAL_SUCCESS
PSLV-C48,outcome,https://www.isro.gov.in/ISRO_EN/PSLV_Launchers.html,Mission is listed in ISRO's official PSLV launch chronology under Missions accomplished; the row has no unsuccessful outcome and its payload is recorded.,SUCCESS,PRIMARY_OFFICIAL_SUCCESS
PSLV-C49,outcome,https://www.isro.gov.in/ISRO_EN/PSLV_Launchers.html,Mission is listed in ISRO's official PSLV launch chronology under Missions accomplished; the row has no unsuccessful outcome and its payload is recorded.,SUCCESS,PRIMARY_OFFICIAL_SUCCESS
PSLV-C50,outcome,https://www.isro.gov.in/ISRO_EN/PSLV_Launchers.html,Mission is listed in ISRO's official PSLV launch chronology under Missions accomplished; the row has no unsuccessful outcome and its payload is recorded.,SUCCESS,PRIMARY_OFFICIAL_SUCCESS
PSLV-C51,outcome,https://www.isro.gov.in/ISRO_EN/PSLV_Launchers.html,Mission is listed in ISRO's official PSLV launch chronology under Missions accomplished; the row has no unsuccessful outcome and its payload is recorded.,SUCCESS,PRIMARY_OFFICIAL_SUCCESS
PSLV-C52,outcome,https://www.isro.gov.in/ISRO_EN/PSLV_Launchers.html,Mission is listed in ISRO's official PSLV launch chronology under Missions accomplished; the row has no unsuccessful outcome and its payload is recorded.,SUCCESS,PRIMARY_OFFICIAL_SUCCESS
PSLV-C53,outcome,https://www.isro.gov.in/ISRO_EN/PSLV_Launchers.html,Mission is listed in ISRO's official PSLV launch chronology under Missions accomplished; the row has no unsuccessful outcome and its payload is recorded.,SUCCESS,PRIMARY_OFFICIAL_SUCCESS
PSLV-C54,outcome,https://www.isro.gov.in/ISRO_EN/PSLV_Launchers.html,Mission is listed in ISRO's official PSLV launch chronology under Missions accomplished; the row has no unsuccessful outcome and its payload is recorded.,SUCCESS,PRIMARY_OFFICIAL_SUCCESS
PSLV-C55,outcome,https://www.isro.gov.in/ISRO_EN/PSLV_Launchers.html,Mission is listed in ISRO's official PSLV launch chronology under Missions accomplished; the row has no unsuccessful outcome and its payload is recorded.,SUCCESS,PRIMARY_OFFICIAL_SUCCESS
PSLV-C56,outcome,https://www.isro.gov.in/ISRO_EN/PSLV_Launchers.html,Mission is listed in ISRO's official PSLV launch chronology under Missions accomplished; the row has no unsuccessful outcome and its payload is recorded.,SUCCESS,PRIMARY_OFFICIAL_SUCCESS
PSLV-C57,outcome,https://www.isro.gov.in/ISRO_EN/PSLV_Launchers.html,Mission is listed in ISRO's official PSLV launch chronology under Missions accomplished; the row has no unsuccessful outcome and its payload is recorded.,SUCCESS,PRIMARY_OFFICIAL_SUCCESS
PSLV-C58,outcome,https://www.isro.gov.in/ISRO_EN/PSLV_Launchers.html,Mission is listed in ISRO's official PSLV launch chronology under Missions accomplished; the row has no unsuccessful outcome and its payload is recorded.,SUCCESS,PRIMARY_OFFICIAL_SUCCESS
PSLV-C59,outcome,https://www.isro.gov.in/ISRO_EN/PSLV_Launchers.html,Mission is listed in ISRO's official PSLV launch chronology under Missions accomplished; the row has no unsuccessful outcome and its payload is recorded.,SUCCESS,PRIMARY_OFFICIAL_SUCCESS
PSLV-C60,outcome,https://www.isro.gov.in/ISRO_EN/PSLV_Launchers.html,Mission is listed in ISRO's official PSLV launch chronology under Missions accomplished; the row has no unsuccessful outcome and its payload is recorded.,SUCCESS,PRIMARY_OFFICIAL_SUCCESS
PSLV-C61,outcome,https://www.isro.gov.in/ISRO_EN/PSLV_Launchers.html,Not accomplished,FAILURE,PRIMARY_OFFICIAL_FAILURE
PSLV-C62,outcome,https://www.isro.gov.in/ISRO_EN/SpacecraftMissions.html,Launch unsuccessful,FAILURE,SECONDARY_OFFICIAL_FAILURE
