model,cutoff,predicted_probability,observed_success,probability_bin
M0 constant,20,0.9090909090909091,1,"(0.9, 0.925]"
M1 change point,20,0.9166666666666666,1,"(0.9, 0.925]"
M0 constant,20,0.9090909090909091,1,"(0.9, 0.925]"
M1 change point,20,0.9166666666666666,1,"(0.9, 0.925]"
M0 constant,20,0.9090909090909091,1,"(0.9, 0.925]"
M1 change point,20,0.9166666666666666,1,"(0.9, 0.925]"
M0 constant,20,0.9090909090909091,1,"(0.9, 0.925]"
M1 change point,20,0.9166666666666666,1,"(0.9, 0.925]"
M0 constant,20,0.9090909090909091,1,"(0.9, 0.925]"
M1 change point,20,0.9166666666666666,1,"(0.9, 0.925]"
M0 constant,20,0.9090909090909091,1,"(0.9, 0.925]"
M1 change point,20,0.9166666666666666,1,"(0.9, 0.925]"
M0 constant,20,0.9090909090909091,1,"(0.9, 0.925]"
M1 change point,20,0.9166666666666666,1,"(0.9, 0.925]"
M0 constant,20,0.9090909090909091,1,"(0.9, 0.925]"
M1 change point,20,0.9166666666666666,1,"(0.9, 0.925]"
M0 constant,20,0.9090909090909091,1,"(0.9, 0.925]"
M1 change point,20,0.9166666666666666,1,"(0.9, 0.925]"
M0 constant,20,0.9090909090909091,1,"(0.9, 0.925]"
M1 change point,20,0.9166666666666666,1,"(0.9, 0.925]"
M0 constant,25,0.9259259259259259,1,"(0.925, 0.95]"
M1 change point,25,0.9311954559905882,1,"(0.925, 0.95]"
M0 constant,25,0.9259259259259259,1,"(0.925, 0.95]"
M1 change point,25,0.9311954559905882,1,"(0.925, 0.95]"
M0 constant,25,0.9259259259259259,1,"(0.925, 0.95]"
M1 change point,25,0.9311954559905882,1,"(0.925, 0.95]"
M0 constant,25,0.9259259259259259,1,"(0.925, 0.95]"
M1 change point,25,0.9311954559905882,1,"(0.925, 0.95]"
M0 constant,25,0.9259259259259259,1,"(0.925, 0.95]"
M1 change point,25,0.9311954559905882,1,"(0.925, 0.95]"
M0 constant,25,0.9259259259259259,1,"(0.925, 0.95]"
M1 change point,25,0.9311954559905882,1,"(0.925, 0.95]"
M0 constant,25,0.9259259259259259,1,"(0.925, 0.95]"
M1 change point,25,0.9311954559905882,1,"(0.925, 0.95]"
M0 constant,25,0.9259259259259259,1,"(0.925, 0.95]"
M1 change point,25,0.9311954559905882,1,"(0.925, 0.95]"
M0 constant,25,0.9259259259259259,1,"(0.925, 0.95]"
M1 change point,25,0.9311954559905882,1,"(0.925, 0.95]"
M0 constant,25,0.9259259259259259,1,"(0.925, 0.95]"
M1 change point,25,0.9311954559905882,1,"(0.925, 0.95]"
M0 constant,30,0.9375,1,"(0.925, 0.95]"
M1 change point,30,0.9414867938778844,1,"(0.925, 0.95]"
M0 constant,30,0.9375,1,"(0.925, 0.95]"
M1 change point,30,0.9414867938778844,1,"(0.925, 0.95]"
M0 constant,30,0.9375,1,"(0.925, 0.95]"
M1 change point,30,0.9414867938778844,1,"(0.925, 0.95]"
M0 constant,30,0.9375,1,"(0.925, 0.95]"
M1 change point,30,0.9414867938778844,1,"(0.925, 0.95]"
M0 constant,30,0.9375,1,"(0.925, 0.95]"
M1 change point,30,0.9414867938778844,1,"(0.925, 0.95]"
M0 constant,30,0.9375,1,"(0.925, 0.95]"
M1 change point,30,0.9414867938778844,1,"(0.925, 0.95]"
M0 constant,30,0.9375,1,"(0.925, 0.95]"
M1 change point,30,0.9414867938778844,1,"(0.925, 0.95]"
M0 constant,30,0.9375,1,"(0.925, 0.95]"
M1 change point,30,0.9414867938778844,1,"(0.925, 0.95]"
M0 constant,30,0.9375,1,"(0.925, 0.95]"
M1 change point,30,0.9414867938778844,1,"(0.925, 0.95]"
M0 constant,30,0.9375,1,"(0.925, 0.95]"
M1 change point,30,0.9414867938778844,1,"(0.925, 0.95]"
M0 constant,35,0.9459459459459459,1,"(0.925, 0.95]"
M1 change point,35,0.9491279217010535,1,"(0.925, 0.95]"
M0 constant,35,0.9459459459459459,1,"(0.925, 0.95]"
M1 change point,35,0.9491279217010535,1,"(0.925, 0.95]"
M0 constant,35,0.9459459459459459,1,"(0.925, 0.95]"
M1 change point,35,0.9491279217010535,1,"(0.925, 0.95]"
M0 constant,35,0.9459459459459459,1,"(0.925, 0.95]"
M1 change point,35,0.9491279217010535,1,"(0.925, 0.95]"
M0 constant,35,0.9459459459459459,1,"(0.925, 0.95]"
M1 change point,35,0.9491279217010535,1,"(0.925, 0.95]"
M0 constant,35,0.9459459459459459,0,"(0.925, 0.95]"
M1 change point,35,0.9491279217010535,0,"(0.925, 0.95]"
M0 constant,35,0.9459459459459459,1,"(0.925, 0.95]"
M1 change point,35,0.9491279217010535,1,"(0.925, 0.95]"
M0 constant,35,0.9459459459459459,1,"(0.925, 0.95]"
M1 change point,35,0.9491279217010535,1,"(0.925, 0.95]"
M0 constant,35,0.9459459459459459,1,"(0.925, 0.95]"
M1 change point,35,0.9491279217010535,1,"(0.925, 0.95]"
M0 constant,35,0.9459459459459459,1,"(0.925, 0.95]"
M1 change point,35,0.9491279217010535,1,"(0.925, 0.95]"
M0 constant,40,0.9523809523809523,0,"(0.95, 0.975]"
M1 change point,40,0.9550169983740877,0,"(0.95, 0.975]"
M0 constant,40,0.9523809523809523,1,"(0.95, 0.975]"
M1 change point,40,0.9550169983740877,1,"(0.95, 0.975]"
M0 constant,40,0.9523809523809523,1,"(0.95, 0.975]"
M1 change point,40,0.9550169983740877,1,"(0.95, 0.975]"
M0 constant,40,0.9523809523809523,1,"(0.95, 0.975]"
M1 change point,40,0.9550169983740877,1,"(0.95, 0.975]"
M0 constant,40,0.9523809523809523,1,"(0.95, 0.975]"
M1 change point,40,0.9550169983740877,1,"(0.95, 0.975]"
M0 constant,40,0.9523809523809523,1,"(0.95, 0.975]"
M1 change point,40,0.9550169983740877,1,"(0.95, 0.975]"
M0 constant,40,0.9523809523809523,1,"(0.95, 0.975]"
M1 change point,40,0.9550169983740877,1,"(0.95, 0.975]"
M0 constant,40,0.9523809523809523,1,"(0.95, 0.975]"
M1 change point,40,0.9550169983740877,1,"(0.95, 0.975]"
M0 constant,40,0.9523809523809523,1,"(0.95, 0.975]"
M1 change point,40,0.9550169983740877,1,"(0.95, 0.975]"
M0 constant,40,0.9523809523809523,1,"(0.95, 0.975]"
M1 change point,40,0.9550169983740877,1,"(0.95, 0.975]"
M0 constant,45,0.9361702127659575,1,"(0.925, 0.95]"
M1 change point,45,0.9069451101508015,1,"(0.9, 0.925]"
M0 constant,45,0.9361702127659575,1,"(0.925, 0.95]"
M1 change point,45,0.9069451101508015,1,"(0.9, 0.925]"
M0 constant,45,0.9361702127659575,1,"(0.925, 0.95]"
M1 change point,45,0.9069451101508015,1,"(0.9, 0.925]"
M0 constant,45,0.9361702127659575,1,"(0.925, 0.95]"
M1 change point,45,0.9069451101508015,1,"(0.9, 0.925]"
M0 constant,45,0.9361702127659575,1,"(0.925, 0.95]"
M1 change point,45,0.9069451101508015,1,"(0.9, 0.925]"
M0 constant,45,0.9361702127659575,1,"(0.925, 0.95]"
M1 change point,45,0.9069451101508015,1,"(0.9, 0.925]"
M0 constant,45,0.9361702127659575,1,"(0.925, 0.95]"
M1 change point,45,0.9069451101508015,1,"(0.9, 0.925]"
M0 constant,45,0.9361702127659575,1,"(0.925, 0.95]"
M1 change point,45,0.9069451101508015,1,"(0.9, 0.925]"
M0 constant,45,0.9361702127659575,1,"(0.925, 0.95]"
M1 change point,45,0.9069451101508015,1,"(0.9, 0.925]"
M0 constant,45,0.9361702127659575,1,"(0.925, 0.95]"
M1 change point,45,0.9069451101508015,1,"(0.9, 0.925]"
M0 constant,50,0.9423076923076923,1,"(0.925, 0.95]"
M1 change point,50,0.9127469211796069,1,"(0.9, 0.925]"
M0 constant,50,0.9423076923076923,1,"(0.925, 0.95]"
M1 change point,50,0.9127469211796069,1,"(0.9, 0.925]"
M0 constant,50,0.9423076923076923,1,"(0.925, 0.95]"
M1 change point,50,0.9127469211796069,1,"(0.9, 0.925]"
M0 constant,50,0.9423076923076923,1,"(0.925, 0.95]"
M1 change point,50,0.9127469211796069,1,"(0.9, 0.925]"
M0 constant,50,0.9423076923076923,1,"(0.925, 0.95]"
M1 change point,50,0.9127469211796069,1,"(0.9, 0.925]"
M0 constant,50,0.9423076923076923,1,"(0.925, 0.95]"
M1 change point,50,0.9127469211796069,1,"(0.9, 0.925]"
M0 constant,50,0.9423076923076923,1,"(0.925, 0.95]"
M1 change point,50,0.9127469211796069,1,"(0.9, 0.925]"
M0 constant,50,0.9423076923076923,1,"(0.925, 0.95]"
M1 change point,50,0.9127469211796069,1,"(0.9, 0.925]"
M0 constant,50,0.9423076923076923,1,"(0.925, 0.95]"
M1 change point,50,0.9127469211796069,1,"(0.9, 0.925]"
M0 constant,50,0.9423076923076923,1,"(0.925, 0.95]"
M1 change point,50,0.9127469211796069,1,"(0.9, 0.925]"
