model,probability_bin,mean_predicted,observed_success_rate,observations
M0 constant,"(-0.001, 0.9]",,,0
M0 constant,"(0.9, 0.925]",0.909090909090909,1.0,10
M0 constant,"(0.925, 0.95]",0.9375699553891043,0.98,50
M0 constant,"(0.95, 0.975]",0.9523809523809523,0.9,10
M0 constant,"(0.975, 1.0]",,,0
M1 change point,"(-0.001, 0.9]",,,0
M1 change point,"(0.9, 0.925]",0.912119565999025,1.0,30
M1 change point,"(0.925, 0.95]",0.9406033905231754,0.9666666666666667,30
M1 change point,"(0.95, 0.975]",0.9550169983740877,0.9,10
M1 change point,"(0.975, 1.0]",,,0
