k,posterior_probability
10,0.020378535786062524
11,0.01831404359858561
12,0.016736218303938538
13,0.015516377319686508
14,0.014568154261261285
15,0.013831997529973845
16,0.013265982285780492
17,0.012840160632162778
18,0.012532979755795344
19,0.012328954503957022
20,0.012217127252220133
21,0.01219003827826877
22,0.012243038444695726
23,0.012373840137480972
24,0.012582241655585817
25,0.012869985227751094
26,0.01324072554295381
27,0.013700097653627653
28,0.014255882548298326
29,0.014918277090946393
30,0.015700283551358933
31,0.016618243678353864
32,0.017692554380792747
33,0.01894861807922638
34,0.020418102746594925
35,0.02214061758735676
36,0.024165954747115415
37,0.026557112374724665
38,0.029394410705357206
39,0.03278115802575713
40,0.03685154571853436
41,0.014623629253386672
42,0.015546715485328107
43,0.01665971898030051
44,0.01800418752958764
45,0.019635001617413026
46,0.021625533696274013
47,0.024075301185305598
48,0.027121563784261914
49,0.030957327805180145
50,0.03586007202771993
51,0.042239027148035777
52,0.05071581304223669
53,0.06226774823519063
54,0.07849510080557456
