cutoff,test_range,model,log_score,brier_score
20,21-30,M0 constant,-0.0953101798043249,0.008264462809917359
20,21-30,M1 change point,-0.08701137698962981,0.00694444444444445
25,26-35,M0 constant,-0.07696104113612832,0.0054869684499314125
25,26-35,M1 change point,-0.07128608175206273,0.004734065276343089
30,31-40,M0 constant,-0.06453852113757118,0.00390625
30,31-40,M1 change point,-0.06029495766638034,0.0034237952906891905
35,36-45,M0 constant,-0.3417899392477576,0.0921110299488678
35,36-45,M1 change point,-0.34483463041724105,0.09241355269066485
40,41-50,M0 constant,-0.3483633915248311,0.09274376417233561
40,41-50,M1 change point,-0.3515705856057528,0.09302687011009438
45,46-55,M0 constant,-0.0659579677917974,0.00407424173834314
45,46-55,M1 change point,-0.09767334872386724,0.00865921252484647
50,51-60,M0 constant,-0.05942342047080076,0.003328402366863907
50,51-60,M1 change point,-0.09129663157768171,0.007613099763637736
20,21-30,M3 smooth trend,-0.08975573474829543,0.007373369677103239
25,26-35,M3 smooth trend,-0.07524540065115043,0.0052568398814700325
30,31-40,M3 smooth trend,-0.06485049223696582,0.003944924539168029
35,36-45,M3 smooth trend,-0.34066219891734617,0.09199579825621566
40,41-50,M3 smooth trend,-0.3499763405144853,0.0928920616405219
45,46-55,M3 smooth trend,-0.07273825273099355,0.004928403000118884
50,51-60,M3 smooth trend,-0.06174453642326916,0.003588388325684733
